+#BULBASAUR#,42,46,46,42,63,61, GRASS, POISON, 45, 64, (0 0 0 0 1 0), ????????, ????????," ""87% Male""", 20, 70," ""Medium Slow""", Monster, Grass, OVERGROW, -------, 0, (Green false), 0
+#IVYSAUR#,59,61,62,59,80,79, GRASS, POISON, 45, 141, (0 0 0 0 1 1), ????????, ????????," ""87% Male""", 20, 70," ""Medium Slow""", Monster, Grass, OVERGROW, -------, 0, (Green false), 0
+#VENUSAUR#,76,78,79,76,96,95, GRASS, POISON, 45, 208, (0 0 0 0 2 1), ????????, ????????," ""87% Male""", 20, 70," ""Medium Slow""", Monster, Grass, OVERGROW, -------, 0, (Green false), 0
+#CHARMANDER#,38,50,42,63,58,49, FIRE, FIRE, 45, 65, (0 0 0 1 0 0), ????????, ????????," ""87% Male""", 20, 70," ""Medium Slow""", Monster, Dragon, BLAZE, -------, 0, (Red false), 0
+#CHARMELEON#,57,63,57,80,79,64, FIRE, FIRE, 45, 142, (0 0 0 1 1 0), ????????, ????????," ""87% Male""", 20, 70," ""Medium Slow""", Monster, Dragon, BLAZE, -------, 0, (Red false), 0
+#CHARIZARD#,73,79,73,94,101,80, FIRE, FLYING, 45, 209, (0 0 0 0 3 0), ????????, ????????," ""87% Male""", 20, 70," ""Medium Slow""", Monster, Dragon, BLAZE, -------, 0, (Red false), 0
+#SQUIRTLE#,42,46,62,41,48,61, WATER, WATER, 45, 66, (0 0 1 0 0 0), ????????, ????????," ""87% Male""", 20, 70," ""Medium Slow""", Monster, Water1, TORRENT, -------, 0, (Blue false), 0
+#WARTORTLE#,58,62,80,57,64,79, WATER, WATER, 45, 143, (0 0 1 0 0 1), ????????, ????????," ""87% Male""", 20, 70," ""Medium Slow""", Monster, Water1, TORRENT, -------, 0, (Blue false), 0
+#BLASTOISE#,75,78,94,74,80,99, WATER, WATER, 45, 210, (0 0 0 0 0 3), ????????, ????????," ""87% Male""", 20, 70," ""Medium Slow""", Monster, Water1, TORRENT, -------, 0, (Blue false), 0
+#CATERPIE#,69,46,54,69,31,31, BUG, BUG, 255, 53, (1 0 0 0 0 0), ????????, ????????," ""50% Male & 50% Female""", 15, 70," ""Medium Fast""", Bug, Bug," ""SHIELD DUST""", -------, 0, (Green false), 0
+#METAPOD#,98,39,106,59,49,49, BUG, BUG, 120, 72, (0 0 2 0 0 0), ????????, ????????," ""50% Male & 50% Female""", 15, 70," ""Medium Fast""", Bug, Bug," ""SHED SKIN""", -------, 0, (Green false), 0
+#BUTTERFREE#,78,58,65,91,104,104, BUG, FLYING, 45, 160, (0 0 0 0 2 1), ????????, SILVERPOWDER," ""50% Male & 50% Female""", 15, 70," ""Medium Fast""", Bug, Bug, COMPOUNDEYES, -------, 0, (White false), 0
+#WEEDLE#,62,54,46,76,31,31, BUG, POISON, 255, 52, (0 0 0 1 0 0), ????????, ????????," ""50% Male & 50% Female""", 15, 70," ""Medium Fast""", Bug, Bug," ""SHIELD DUST""", -------, 0, (Brown false), 0
+#KAKUNA#,88,49,97,68,49,49, BUG, POISON, 120, 71, (0 0 2 0 0 0), ????????, ????????," ""50% Male & 50% Female""", 15, 70," ""Medium Fast""", Bug, Bug," ""SHED SKIN""", -------, 0, (Yellow false), 0
+#BEEDRILL#,84,105,52,97,58,104, BUG, POISON, 45, 159, (0 2 0 0 0 1), ????????," ""POISON BARB"""," ""50% Male & 50% Female""", 15, 70," ""Medium Fast""", Bug, Bug, SWARM, -------, 0, (Yellow false), 0
+#PIDGEY#,48,54,48,66,42,42, NORMAL, FLYING, 255, 55, (0 0 0 1 0 0), ????????, ????????," ""50% Male & 50% Female""", 15, 70," ""Medium Slow""", Flying, Flying," ""KEEN EYE""", -------, 0, (Brown false), 0
+#PIDGEOTTO#,72,69,63,82,57,57, NORMAL, FLYING, 120, 113, (0 0 0 2 0 0), ????????, ????????," ""50% Male & 50% Female""", 15, 70," ""Medium Slow""", Flying, Flying," ""KEEN EYE""", -------, 0, (Brown false), 0
+#PIDGEOT#,88,85,80,97,75,75, NORMAL, FLYING, 45, 172, (0 0 0 3 0 0), ????????, ????????," ""50% Male & 50% Female""", 15, 70," ""Medium Slow""", Flying, Flying," ""KEEN EYE""", -------, 0, (Brown false), 0
+#RATTATA#,47,89,55,114,40,55, NORMAL, NORMAL, 255, 57, (0 0 0 1 0 0), ????????, ????????," ""50% Male & 50% Female""", 15, 70," ""Medium Fast""", Field, Field," ""RUN AWAY""", GUTS, 0, (Purple false), 0
+#RATICATE#,67,98,73,116,61,85, NORMAL, NORMAL, 127, 116, (0 0 0 2 0 0), ????????, ????????," ""50% Male & 50% Female""", 15, 70," ""Medium Fast""", Field, Field," ""RUN AWAY""", GUTS, 0, (Brown false), 0
+#SPEAROW#,61,92,46,107,47,47, NORMAL, FLYING, 255, 58, (0 0 0 1 0 0), ????????, ????????," ""50% Male & 50% Female""", 15, 70," ""Medium Fast""", Flying, Flying," ""KEEN EYE""", -------, 0, (Brown false), 0
+#FEAROW#,74,102,74,112,69,69, NORMAL, FLYING, 90, 162, (0 0 0 2 0 0), ????????," ""SHARP BEAK"""," ""50% Male & 50% Female""", 15, 70," ""Medium Fast""", Flying, Flying," ""KEEN EYE""", -------, 0, (Brown false), 0
+#EKANS#,49,83,61,76,56,75, POISON, POISON, 255, 62, (0 1 0 0 0 0), ????????, ????????," ""50% Male & 50% Female""", 20, 70," ""Medium Fast""", Field, Dragon, INTIMIDATE," ""SHED SKIN""", 0, (Purple false), 0
+#ARBOK#,68,98,79,91,74,90, POISON, POISON, 90, 147, (0 2 0 0 0 0), ????????, ????????," ""50% Male & 50% Female""", 20, 70," ""Medium Fast""", Field, Dragon, INTIMIDATE," ""SHED SKIN""", 0, (Purple false), 0
+#PIKACHU#,47,73,40,120,67,53, ELECTR, ELECTR, 190, 82, (0 0 0 2 0 0)," ""ORAN BERRY"""," ""LIGHT BALL"""," ""50% Male & 50% Female""", 10, 70," ""Medium Fast""", Field, Fairy, STATIC, -------, 6, (Yellow false), 0
+#RAICHU#,63,95,58,105,95,84, ELECTR, ELECTR, 75, 122, (0 0 0 3 0 0), ????????," ""ORAN BERRY"""," ""50% Male & 50% Female""", 10, 70," ""Medium Fast""", Field, Fairy, STATIC, -------, 0, (Yellow false), 0
+#SANDSHREW#,67,100,113,53,27,40, GROUND, GROUND, 255, 93, (0 0 1 0 0 0), ????????," ""QUICK CLAW"""," ""50% Male & 50% Female""", 20, 70," ""Medium Fast""", Field, Field," ""SAND VEIL""", -------, 0, (Yellow false), 0
+#SANDSLASH#,83,111,123,72,50,61, GROUND, GROUND, 90, 163, (0 0 2 0 0 0), ????????," ""QUICK CLAW"""," ""50% Male & 50% Female""", 20, 70," ""Medium Fast""", Field, Field," ""SAND VEIL""", -------, 0, (Yellow false), 0
+#NIDORAN\sf#,59,51,57,45,44,44, POISON, POISON, 235, 59, (1 0 0 0 0 0), ????????, ????????," ""100% Female""", 20, 70," ""Medium Slow""", Monster, Field," ""POISON POINT""", -------, 0, (Blue false), 0
+#NIDORINA#,78,68,73,61,60,60, POISON, POISON, 120, 117, (2 0 0 0 0 0), ????????, ????????," ""100% Female""", 20, 70," ""Medium Slow""", Undiscovered, Undiscovered," ""POISON POINT""", -------, 0, (Blue false), 0
+#NIDOQUEEN#,90,83,88,77,76,86, POISON, GROUND, 45, 194, (3 0 0 0 0 0), ????????, ????????," ""100% Female""", 20, 70," ""Medium Slow""", Undiscovered, Undiscovered," ""POISON POINT""", -------, 0, (Blue false), 0
+#NIDORAN\sm#,51,62,44,55,44,44, POISON, POISON, 235, 60, (0 1 0 0 0 0), ????????, ????????," ""100% Male""", 20, 70," ""Medium Slow""", Monster, Field," ""POISON POINT""", -------, 0, (Purple false), 0
+#NIDORINO#,67,80,62,71,60,60, POISON, POISON, 120, 118, (0 2 0 0 0 0), ????????, ????????," ""100% Male""", 20, 70," ""Medium Slow""", Monster, Field," ""POISON POINT""", -------, 0, (Purple false), 0
+#NIDOKING#,82,92,78,86,86,76, POISON, GROUND, 45, 195, (0 3 0 0 0 0), ????????, ????????," ""100% Male""", 20, 70," ""Medium Slow""", Monster, Field," ""POISON POINT""", -------, 0, (Purple false), 0
+#CLEFAIRY#,88,56,59,43,74,80, NORMAL, NORMAL, 150, 68, (2 0 0 0 0 0)," ""LEPPA BERRY"""," ""MOON STONE"""," ""75% Female""", 10, 140, Fast, Fairy, Fairy," ""CUTE CHARM""", -------, 0, (Pink false), 0
+#CLEFABLE#,101,74,77,63,90,95, NORMAL, NORMAL, 25, 129, (3 0 0 0 0 0)," ""LEPPA BERRY"""," ""MOON STONE"""," ""75% Female""", 10, 140, Fast, Fairy, Fairy," ""CUTE CHARM""", -------, 0, (Pink false), 0
+#VULPIX#,51,55,54,86,67,87, FIRE, FIRE, 190, 63, (0 0 0 1 0 0)," ""RAWST BERRY"""," ""RAWST BERRY"""," ""75% Female""", 20, 70," ""Medium Fast""", Field, Field," ""FLASH FIRE""", -------, 0, (Brown false), 0
+#NINETALES#,72,75,74,100,80,99, FIRE, FIRE, 75, 178, (0 0 0 1 0 1)," ""RAWST BERRY"""," ""RAWST BERRY"""," ""75% Female""", 20, 70," ""Medium Fast""", Field, Field," ""FLASH FIRE""", -------, 0, (Yellow false), 0
+#JIGGLYPUFF#,169,67,30,30,67,37, NORMAL, NORMAL, 170, 76, (2 0 0 0 0 0), ????????, ????????," ""75% Female""", 10, 70, Fast, Fairy, Fairy," ""CUTE CHARM""", -------, 0, (Pink false), 0
+#WIGGLYTUFF#,165,82,53,53,88,59, NORMAL, NORMAL, 50, 109, (3 0 0 0 0 0), ????????, ????????," ""75% Female""", 10, 70, Fast, Fairy, Fairy," ""CUTE CHARM""", -------, 0, (Pink false), 0
+#ZUBAT#,65,73,57,91,49,65, POISON, FLYING, 255, 54, (0 0 0 1 0 0), ????????, ????????," ""50% Male & 50% Female""", 15, 70," ""Medium Fast""", Flying, Flying," ""INNER FOCUS""", -------, 0, (Purple false), 0
+#GOLBAT#,82,88,77,100,71,82, POISON, FLYING, 90, 171, (0 0 0 2 0 0), ????????, ????????," ""50% Male & 50% Female""", 15, 70," ""Medium Fast""", Flying, Flying," ""INNER FOCUS""", -------, 0, (Purple false), 0
+#ODDISH#,42,47,52,28,70,61, GRASS, POISON, 255, 78, (0 0 0 0 1 0), ????????, ????????," ""50% Male & 50% Female""", 20, 70," ""Medium Slow""", Grass, Grass, CHLOROPHYLL, -------, 4, (Blue false), 0
+#GLOOM#,61,66,71,41,85,76, GRASS, POISON, 120, 132, (0 0 0 0 2 0), ????????, ????????," ""50% Male & 50% Female""", 20, 70," ""Medium Slow""", Grass, Grass, CHLOROPHYLL, -------, 6, (Blue false), 0
+#VILEPLUME#,78,83,89,52,104,94, GRASS, POISON, 45, 184, (0 0 0 0 3 0), ????????, ????????," ""50% Male & 50% Female""", 20, 70," ""Medium Slow""", Grass, Grass, CHLOROPHYLL, -------, 0, (Red false), 0
+#PARAS#,49,99,77,35,63,77, BUG, GRASS, 190, 70, (0 1 0 0 0 0), TINYMUSHROOM," ""BIG MUSHROOM"""," ""50% Male & 50% Female""", 20, 70," ""Medium Fast""", Bug, Grass," ""EFFECT SPORE""", -------, 0, (Red false), 0
+#PARASECT#,74,117,99,37,74,99, BUG, GRASS, 75, 128, (0 2 1 0 0 0), TINYMUSHROOM," ""BIG MUSHROOM"""," ""50% Male & 50% Female""", 20, 70," ""Medium Fast""", Bug, Grass," ""EFFECT SPORE""", -------, 0, (Red false), 0
+#VENONAT#,79,72,66,59,52,72, BUG, POISON, 190, 75, (0 0 0 0 0 1), ????????, ????????," ""50% Male & 50% Female""", 20, 70," ""Medium Fast""", Bug, Bug, COMPOUNDEYES, -------, 0, (Purple false), 0
+#VENOMOTH#,78,72,67,100,100,83, BUG, POISON, 75, 138, (0 0 0 1 1 0), ????????, ????????," ""50% Male & 50% Female""", 20, 70," ""Medium Fast""", Bug, Bug," ""SHIELD DUST""", -------, 0, (Purple false), 0
+#DIGLETT#,15,83,38,143,53,68, GROUND, GROUND, 255, 81, (0 0 0 1 0 0), ????????, ????????," ""50% Male & 50% Female""", 20, 70," ""Medium Fast""", Field, Field," ""SAND VEIL"""," ""ARENA TRAP""", 0, (Brown false), 0
+#DUGTRIO#,43,99,62,148,62,86, GROUND, GROUND, 50, 153, (0 0 0 2 0 0), ????????, ????????," ""50% Male & 50% Female""", 20, 70," ""Medium Fast""", Field, Field," ""SAND VEIL"""," ""ARENA TRAP""", 0, (Brown false), 0
+#MEOWTH#,55,62,48,125,55,55, NORMAL, NORMAL, 255, 69, (0 0 0 1 0 0), ????????, ????????," ""50% Male & 50% Female""", 20, 70," ""Medium Fast""", Field, Field, PICKUP, -------, 0, (Yellow false), 0
+#PERSIAN#,74,80,68,130,74,74, NORMAL, NORMAL, 90, 148, (0 0 0 2 0 0), ????????, ????????," ""50% Male & 50% Female""", 20, 70," ""Medium Fast""", Field, Field, LIMBER, -------, 0, (Yellow false), 0
+#PSYDUCK#,62,65,60,69,82,62, WATER, WATER, 190, 80, (0 0 0 0 1 0), ????????, ????????," ""50% Male & 50% Female""", 20, 70," ""Medium Fast""", Water1, Field, DAMP," ""CLOUD NINE""", 6, (Yellow false), 0
+#GOLDUCK#,80,82,78,85,95,80, WATER, WATER, 75, 174, (0 0 0 0 2 0), ????????, ????????," ""50% Male & 50% Female""", 20, 70," ""Medium Fast""", Water1, Field, DAMP," ""CLOUD NINE""", 8, (Blue false), 0
+#MANKEY#,52,105,46,92,46,59, FIGHT, FIGHT, 190, 74, (0 1 0 0 0 0), ????????, ????????," ""50% Male & 50% Female""", 20, 70," ""Medium Fast""", Field, Field," ""VITAL SPIRIT""", -------, 0, (Brown false), 0
+#PRIMEAPE#,71,116,66,104,66,77, FIGHT, FIGHT, 75, 149, (0 2 0 0 0 0), ????????, ????????," ""50% Male & 50% Female""", 20, 70," ""Medium Fast""", Field, Field," ""VITAL SPIRIT""", -------, 0, (Brown false), 0
+#GROWLITHE#,63,80,51,69,80,57, FIRE, FIRE, 190, 91, (0 1 0 0 0 0)," ""RAWST BERRY"""," ""RAWST BERRY"""," ""75% Male""", 20, 70, Slow, Field, Field, INTIMIDATE," ""FLASH FIRE""", 0, (Brown false), 0
+#ARCANINE#,81,99,72,86,90,72, FIRE, FIRE, 75, 213, (0 2 0 0 0 0)," ""RAWST BERRY"""," ""RAWST BERRY"""," ""75% Male""", 20, 70, Slow, Field, Field, INTIMIDATE," ""FLASH FIRE""", 0, (Brown false), 0
+#POLIWAG#,40,50,40,90,40,40, WATER, WATER, 255, 77, (0 0 0 1 0 0), ????????, ????????," ""50% Male & 50% Female""", 20, 70," ""Medium Slow""", Water1, Water1," ""WATER ABSORB""", DAMP, 0, (Blue true), 0
+#POLIWHIRL#,68,68,68,92,52,52, WATER, WATER, 120, 131, (0 0 0 2 0 0), ????????," ""KING'S ROCK"""," ""50% Male & 50% Female""", 20, 70," ""Medium Slow""", Water1, Water1," ""WATER ABSORB""", DAMP, 0, (Blue true), 0
+#POLIWRATH#,90,85,95,70,70,90, WATER, FIGHT, 45, 185, (0 0 3 0 0 0), ????????," ""KING'S ROCK"""," ""50% Male & 50% Female""", 20, 70," ""Medium Slow""", Water1, Water1," ""WATER ABSORB""", DAMP, 0, (Blue true), 0
+#ABRA#,24,19,15,87,102,53, PSYCHC, PSYCHC, 200, 73, (0 0 0 0 1 0), ????????, TWISTEDSPOON," ""75% Male""", 20, 70," ""Medium Slow""", Human-Like, Human-Like, SYNCHRONIZE," ""INNER FOCUS""", 0, (Brown false), 0
+#KADABRA#,40,35,30,105,120,70, PSYCHC, PSYCHC, 100, 145, (0 0 0 0 2 0), ????????, TWISTEDSPOON," ""75% Male""", 20, 70," ""Medium Slow""", Human-Like, Human-Like, SYNCHRONIZE," ""INNER FOCUS""", 0, (Brown false), 0
+#ALAKAZAM#,56,51,46,122,138,87, PSYCHC, PSYCHC, 50, 186, (0 0 0 0 3 0), ????????, TWISTEDSPOON," ""75% Male""", 20, 70," ""Medium Slow""", Human-Like, Human-Like, SYNCHRONIZE," ""INNER FOCUS""", 0, (Brown false), 0
+#MACHOP#,69,80,49,34,34,34, FIGHT, FIGHT, 180, 88, (0 1 0 0 0 0), ????????, ????????," ""75% Male""", 20, 70," ""Medium Slow""", Human-Like, Human-Like, GUTS, -------, 0, (Gray false), 0
+#MACHOKE#,79,100,69,44,49,59, FIGHT, FIGHT, 90, 146, (0 2 0 0 0 0), ????????, ????????," ""75% Male""", 20, 70," ""Medium Slow""", Human-Like, Human-Like, GUTS, -------, 0, (Gray false), 0
+#MACHAMP#,89,130,79,54,64,84, FIGHT, FIGHT, 45, 193, (0 3 0 0 0 0), ????????, ????????," ""75% Male""", 20, 70," ""Medium Slow""", Human-Like, Human-Like, GUTS, -------, 0, (Gray false), 0
+#BELLSPROUT#,50,75,35,40,70,30, GRASS, POISON, 255, 84, (0 1 0 0 0 0), ????????, ????????," ""50% Male & 50% Female""", 20, 70," ""Medium Slow""", Grass, Grass, CHLOROPHYLL, -------, 0, (Green false), 0
+#WEEPINBELL#,67,93,51,56,87,46, GRASS, POISON, 120, 151, (0 2 0 0 0 0), ????????, ????????," ""50% Male & 50% Female""", 20, 70," ""Medium Slow""", Grass, Grass, CHLOROPHYLL, -------, 0, (Green false), 0
+#VICTREEBEL#,83,110,68,73,104,62, GRASS, POISON, 45, 191, (0 3 0 0 0 0), ????????, ????????," ""50% Male & 50% Female""", 20, 70," ""Medium Slow""", Grass, Grass, CHLOROPHYLL, -------, 0, (Green false), 0
+#TENTACOOL#,48,48,42,84,60,118, WATER, POISON, 190, 105, (0 0 0 0 0 1), ????????, ????????," ""50% Male & 50% Female""", 20, 70, Slow, Water3, Water3," ""CLEAR BODY"""," ""LIQUID OOZE""", 0, (Blue false), 0
+#TENTACRUEL#,78,68,63,97,78,116, WATER, POISON, 60, 205, (0 0 0 0 0 2), ????????, ????????," ""50% Male & 50% Female""", 20, 70, Slow, Water3, Water3," ""CLEAR BODY"""," ""LIQUID OOZE""", 0, (Blue false), 0
+#GEODUDE#,40,80,100,20,30,30, ROCK, GROUND, 255, 86, (0 0 1 0 0 0), ????????, EVERSTONE," ""50% Male & 50% Female""", 15, 70," ""Medium Slow""", Mineral, Mineral," ""ROCK HEAD""", STURDY, 4, (Brown false), 0
+#GRAVELER#,56,97,119,36,46,46, ROCK, GROUND, 120, 134, (0 0 2 0 0 0), ????????, EVERSTONE," ""50% Male & 50% Female""", 15, 70," ""Medium Slow""", Mineral, Mineral," ""ROCK HEAD""", STURDY, 0, (Brown false), 0
+#GOLEM#,82,113,135,46,57,67, ROCK, GROUND, 45, 177, (0 0 3 0 0 0), ????????, EVERSTONE," ""50% Male & 50% Female""", 15, 70," ""Medium Slow""", Mineral, Mineral," ""ROCK HEAD""", STURDY, 0, (Brown false), 0
+#PONYTA#,49,83,54,88,63,63, FIRE, FIRE, 190, 152, (0 0 0 1 0 0), ????????, ????????," ""50% Male & 50% Female""", 20, 70," ""Medium Fast""", Field, Field," ""RUN AWAY"""," ""FLASH FIRE""", 0, (Yellow false), 0
+#RAPIDASH#,65,100,70,105,80,80, FIRE, FIRE, 60, 192, (0 0 0 2 0 0), ????????, ????????," ""50% Male & 50% Female""", 20, 70," ""Medium Fast""", Field, Field," ""RUN AWAY"""," ""FLASH FIRE""", 0, (Yellow false), 0
+#SLOWPOKE#,113,83,83,19,51,51, WATER, PSYCHC, 190, 99, (1 0 0 0 0 0), ????????," ""KING'S ROCK"""," ""50% Male & 50% Female""", 20, 70," ""Medium Fast""", Monster, Water1, OBLIVIOUS," ""OWN TEMPO""", 0, (Pink false), 0
+#SLOWBRO#,97,77,111,31,102,82, WATER, PSYCHC, 75, 164, (0 0 2 0 0 0), ????????," ""KING'S ROCK"""," ""50% Male & 50% Female""", 20, 70," ""Medium Fast""", Monster, Water1, OBLIVIOUS," ""OWN TEMPO""", 0, (Pink false), 0
+#MAGNEMITE#,31,43,86,55,117,68, ELECTR, STEEL, 190, 89, (0 0 0 0 1 0), ????????," ""METAL COAT""", Genderless, 20, 70," ""Medium Fast""", Mineral, Mineral," ""MAGNET PULL""", STURDY, 0, (Gray false), 0
+#MAGNETON#,54,65,102,75,129,75, ELECTR, STEEL, 60, 161, (0 0 0 0 2 0), ????????," ""METAL COAT""", Genderless, 20, 70," ""Medium Fast""", Mineral, Mineral," ""MAGNET PULL""", STURDY, 0, (Gray false), 0
+#FARFETCH'D#,74,93,78,85,82,88, NORMAL, FLYING, 45, 94, (0 1 0 0 0 0), ????????, STICK," ""50% Male & 50% Female""", 20, 70," ""Medium Fast""", Flying, Field," ""KEEN EYE"""," ""INNER FOCUS""", 0, (Brown false), 0
+#DODUO#,45,110,58,97,45,45, NORMAL, FLYING, 190, 96, (0 1 0 0 0 0), ????????," ""SHARP BEAK"""," ""50% Male & 50% Female""", 20, 70," ""Medium Fast""", Flying, Flying," ""RUN AWAY"""," ""EARLY BIRD""", 8, (Brown false), 0
+#DODRIO#,65,120,76,109,65,65, NORMAL, FLYING, 45, 158, (0 2 0 0 0 0), ????????," ""SHARP BEAK"""," ""50% Male & 50% Female""", 20, 70," ""Medium Fast""", Flying, Flying," ""RUN AWAY"""," ""EARLY BIRD""", 10, (Brown false), 0
+#SEEL#,80,55,68,55,55,87, WATER, WATER, 190, 100, (0 0 0 0 0 1), ????????, ????????," ""50% Male & 50% Female""", 20, 70," ""Medium Fast""", Water1, Field," ""THICK FAT""", -------, 0, (White false), 0
+#DEWGONG#,95,74,84,74,74,99, WATER, ICE, 75, 176, (0 0 0 0 0 2), ????????, ????????," ""50% Male & 50% Female""", 20, 70," ""Medium Fast""", Water1, Field," ""THICK FAT""", -------, 0, (White false), 0
+#GRIMER#,98,98,62,31,49,62, POISON, POISON, 190, 90, (1 0 0 0 0 0), ????????, NUGGET," ""50% Male & 50% Female""", 20, 70," ""Medium Fast""", Amorphous, Amorphous, STENCH," ""STICKY HOLD""", 0, (Purple false), 0
+#MUK#,105,105,75,50,65,100, POISON, POISON, 75, 157, (1 1 0 0 0 0), ????????, NUGGET," ""50% Male & 50% Female""", 20, 70," ""Medium Fast""", Amorphous, Amorphous, STENCH," ""STICKY HOLD""", 0, (Purple false), 0
+#SHELLDER#,39,85,132,52,59,33, WATER, WATER, 190, 97, (0 0 1 0 0 0), PEARL," ""BIG PEARL"""," ""50% Male & 50% Female""", 20, 70, Slow, Water3, Water3," ""SHELL ARMOR""", -------, 0, (Purple false), 0
+#CLOYSTER#,48,90,171,67,81,43, WATER, ICE, 60, 203, (0 0 2 0 0 0), PEARL," ""BIG PEARL"""," ""50% Male & 50% Female""", 20, 70, Slow, Water3, Water3," ""SHELL ARMOR""", -------, 0, (Purple false), 0
+#GASTLY#,29,34,29,77,97,34, GHOST, POISON, 190, 95, (0 0 0 0 1 0), ????????, ????????," ""50% Male & 50% Female""", 20, 70," ""Medium Slow""", Amorphous, Amorphous, LEVITATE, -------, 0, (Purple false), 0
+#HAUNTER#,44,49,44,94,115,54, GHOST, POISON, 90, 126, (0 0 0 0 2 0), ????????, ????????," ""50% Male & 50% Female""", 20, 70," ""Medium Slow""", Amorphous, Amorphous, LEVITATE, -------, 0, (Purple false), 0
+#GENGAR#,60,65,60,110,130,75, GHOST, POISON, 45, 190, (0 0 0 0 3 0), ????????, ????????," ""50% Male & 50% Female""", 20, 70," ""Medium Slow""", Amorphous, Amorphous, LEVITATE, -------, 0, (Purple false), 0
+#ONIX#,36,47,166,73,31,47, ROCK, GROUND, 45, 108, (0 0 1 0 0 0), ????????, ????????," ""50% Male & 50% Female""", 25, 70," ""Medium Fast""", Mineral, Mineral," ""ROCK HEAD""", STURDY, 0, (Gray false), 0
+#DROWZEE#,73,59,55,51,52,110, PSYCHC, PSYCHC, 190, 102, (0 0 0 0 0 1), ????????, ????????," ""50% Male & 50% Female""", 20, 70," ""Medium Fast""", Human-Like, Human-Like, INSOMNIA, -------, 0, (Yellow false), 0
+#HYPNO#,88,76,72,69,76,119, PSYCHC, PSYCHC, 75, 165, (0 0 0 0 0 2), ????????, ????????," ""50% Male & 50% Female""", 20, 70," ""Medium Fast""", Human-Like, Human-Like, INSOMNIA, -------, 0, (Yellow false), 0
+#KRABBY#,37,128,111,62,31,31, WATER, WATER, 225, 115, (0 1 0 0 0 0), ????????, ????????," ""50% Male & 50% Female""", 20, 70," ""Medium Fast""", Water3, Water3," ""HYPER CUTTER"""," ""SHELL ARMOR""", 0, (Red false), 0
+#KINGLER#,58,136,121,79,53,53, WATER, WATER, 60, 206, (0 2 0 0 0 0), ????????, ????????," ""50% Male & 50% Female""", 20, 70," ""Medium Fast""", Water3, Water3," ""HYPER CUTTER"""," ""SHELL ARMOR""", 0, (Red true), 0
+#VOLTORB#,48,36,61,121,67,67, ELECTR, ELECTR, 190, 103, (0 0 0 1 0 0), ????????, ????????, Genderless, 20, 70," ""Medium Fast""", Mineral, Mineral, SOUNDPROOF, STATIC, 0, (Red false), 0
+#ELECTRODE#,62,52,73,147,83,83, ELECTR, ELECTR, 60, 150, (0 0 0 2 0 0), ????????, ????????, Genderless, 20, 70," ""Medium Fast""", Mineral, Mineral, SOUNDPROOF, STATIC, 0, (Red false), 0
+#EXEGGCUTE#,74,49,99,49,74,55, GRASS, PSYCHC, 90, 98, (0 0 1 0 0 0), ????????, ????????," ""50% Male & 50% Female""", 20, 70, Slow, Grass, Grass, CHLOROPHYLL, -------, 0, (Pink false), 0
+#EXEGGUTOR#,91,91,82,53,121,62, GRASS, PSYCHC, 45, 212, (0 0 0 0 2 0), ????????, ????????," ""50% Male & 50% Female""", 20, 70, Slow, Grass, Grass, CHLOROPHYLL, -------, 0, (Yellow false), 0
+#CUBONE#,62,62,120,44,50,62, GROUND, GROUND, 190, 87, (0 0 1 0 0 0), ????????," ""THICK CLUB"""," ""50% Male & 50% Female""", 20, 70," ""Medium Fast""", Monster, Monster," ""ROCK HEAD""", LIGHTNINGROD, 0, (Brown false), 0
+#MAROWAK#,71,94,129,53,59,94, GROUND, GROUND, 75, 124, (0 0 2 0 0 0), ????????," ""THICK CLUB"""," ""50% Male & 50% Female""", 20, 70," ""Medium Fast""", Monster, Monster," ""ROCK HEAD""", LIGHTNINGROD, 0, (Brown false), 0
+#HITMONLEE#,55,132,58,96,38,121, FIGHT, FIGHT, 45, 139, (0 2 0 0 0 0), ????????, ????????," ""100% Male""", 25, 70," ""Medium Fast""", Human-Like, Human-Like, LIMBER, -------, 0, (Brown false), 0
+#HITMONCHAN#,55,115,87,84,38,121, FIGHT, FIGHT, 45, 140, (0 0 0 0 0 2), ????????, ????????," ""100% Male""", 25, 70," ""Medium Fast""", Human-Like, Human-Like," ""KEEN EYE""", -------, 0, (Brown false), 0
+#LICKITUNG#,118,71,97,39,78,97, NORMAL, NORMAL, 45, 127, (2 0 0 0 0 0), ????????, ????????," ""50% Male & 50% Female""", 20, 70," ""Medium Fast""", Monster, Monster," ""OWN TEMPO""", OBLIVIOUS, 0, (Pink false), 0
+#KOFFING#,47,76,112,41,71,53, POISON, POISON, 190, 114, (0 0 1 0 0 0), ????????," ""SMOKE BALL"""," ""50% Male & 50% Female""", 20, 70," ""Medium Fast""", Amorphous, Amorphous, LEVITATE, -------, 0, (Purple false), 0
+#WEEZING#,66,92,123,61,87,71, POISON, POISON, 60, 173, (0 0 2 0 0 0), ????????," ""SMOKE BALL"""," ""50% Male & 50% Female""", 20, 70," ""Medium Fast""", Amorphous, Amorphous, LEVITATE, -------, 0, (Purple false), 0
+#RHYHORN#,93,99,109,29,35,35, GROUND, ROCK, 120, 135, (0 0 1 0 0 0), ????????, ????????," ""50% Male & 50% Female""", 20, 70, Slow, Monster, Field, LIGHTNINGROD," ""ROCK HEAD""", 4, (Gray false), 0
+#RHYDON#,108,135,124,41,46,46, GROUND, ROCK, 60, 204, (0 2 0 0 0 0), ????????, ????????," ""50% Male & 50% Female""", 20, 70, Slow, Monster, Field, LIGHTNINGROD," ""ROCK HEAD""", 0, (Gray false), 0
+#CHANSEY#,224,4,4,44,31,93, NORMAL, NORMAL, 30, 255, (2 0 0 0 0 0), ????????," ""LUCKY EGG"""," ""100% Female""", 40, 140, Fast, Fairy, Fairy," ""NATURAL CURE"""," ""SERENE GRACE""", 0, (Pink false), 0
+#TANGELA#,75,63,132,69,115,46, GRASS, GRASS, 45, 166, (0 0 1 0 0 0), ????????, ????????," ""50% Male & 50% Female""", 20, 70," ""Medium Fast""", Grass, Grass, CHLOROPHYLL, -------, 0, (Blue false), 0
+#KANGASKHAN#,106,97,82,92,41,82, NORMAL, NORMAL, 45, 175, (2 0 0 0 0 0), ????????, ????????," ""100% Female""", 20, 70," ""Medium Fast""", Monster, Monster," ""EARLY BIRD""", -------, 0, (Brown false), 0
+#HORSEA#,31,41,71,61,71,25, WATER, WATER, 225, 83, (0 0 0 0 1 0), ????????," ""DRAGON SCALE"""," ""50% Male & 50% Female""", 20, 70," ""Medium Fast""", Water1, Dragon," ""SWIFT SWIM""", -------, 0, (Blue false), 0
+#SEADRA#,50,59,87,77,86,41, WATER, WATER, 75, 155, (0 0 1 0 1 0), ????????," ""DRAGON SCALE"""," ""50% Male & 50% Female""", 20, 70," ""Medium Fast""", Water1, Dragon," ""POISON POINT""", -------, 0, (Blue false), 0
+#GOLDEEN#,56,84,75,79,44,62, WATER, WATER, 225, 111, (0 1 0 0 0 0), ????????, ????????," ""50% Male & 50% Female""", 20, 70," ""Medium Fast""", Water2, Water2," ""SWIFT SWIM"""," ""WATER VEIL""", 4, (Red false), 0
+#SEAKING#,89,102,72,76,72,89, WATER, WATER, 60, 170, (0 2 0 0 0 0), ????????, ????????," ""50% Male & 50% Female""", 20, 70," ""Medium Fast""", Water2, Water2," ""SWIFT SWIM"""," ""WATER VEIL""", 6, (Red false), 0
+#STARYU#,35,53,65,100,82,65, WATER, WATER, 225, 106, (0 0 0 1 0 0), STARDUST," ""STAR PIECE""", Genderless, 20, 70, Slow, Water3, Water3, ILLUMINATE," ""NATURAL CURE""", 0, (Brown false), 0
+#STARMIE#,58,72,82,110,96,82, WATER, PSYCHC, 60, 207, (0 0 0 2 0 0), STARDUST," ""STAR PIECE""", Genderless, 20, 70, Slow, Water3, Water3, ILLUMINATE," ""NATURAL CURE""", 0, (Purple false), 0
"+#""MR._MIME""#",43,49,71,98,109,130, PSYCHC, PSYCHC, 45, 136, (0 0 0 0 0 2), ????????," ""LEPPA BERRY"""," ""50% Male & 50% Female""", 25, 70," ""Medium Fast""", Human-Like, Human-Like, SOUNDPROOF, -------, 0, (Pink false), 0
+#SCYTHER#,56,88,64,84,44,64, BUG, FLYING, 45, 187, (0 1 0 0 0 0), ????????, ????????," ""50% Male & 50% Female""", 25, 70," ""Medium Fast""", Bug, Bug, SWARM, -------, 0, (Green false), 0
+#JYNX#,71,55,38,104,128,104, ICE, PSYCHC, 45, 137, (0 0 0 0 2 0)," ""ASPEAR BERRY"""," ""ASPEAR BERRY"""," ""100% Female""", 25, 70," ""Medium Fast""", Human-Like, Human-Like, OBLIVIOUS, -------, 0, (Red false), 0
+#ELECTABUZZ#,66,85,58,107,97,87, ELECTR, ELECTR, 45, 156, (0 0 0 2 0 0), ????????, ????????," ""75% Male""", 25, 70," ""Medium Fast""", Human-Like, Human-Like, STATIC, -------, 0, (Yellow true), 0
+#MAGMAR#,66,96,58,94,100,86, FIRE, FIRE, 45, 167, (0 0 0 0 2 0)," ""RAWST BERRY"""," ""RAWST BERRY"""," ""75% Male""", 25, 70," ""Medium Fast""", Human-Like, Human-Like," ""FLAME BODY""", -------, 0, (Red false), 0
+#PINSIR#,65,125,100,85,55,70, BUG, BUG, 45, 200, (0 2 0 0 0 0), ????????, ????????," ""50% Male & 50% Female""", 25, 70, Slow, Bug, Bug," ""HYPER CUTTER""", -------, 8, (Brown false), 0
+#TAUROS#,77,102,97,112,41,71, NORMAL, NORMAL, 45, 211, (0 1 0 1 0 0), ????????, ????????," ""100% Male""", 20, 70, Slow, Field, Field, INTIMIDATE, -------, 0, (Brown false), 0
+#MAGIKARP#,40,20,110,160,30,40, WATER, WATER, 255, 20, (0 0 0 1 0 0), ????????, ????????," ""50% Male & 50% Female""", 5, 70, Slow, Water2, Dragon," ""SWIFT SWIM""", -------, 4, (Red false), 0
+#GYARADOS#,88,115,73,75,56,93, WATER, FLYING, 45, 214, (0 2 0 0 0 0), ????????, ????????," ""50% Male & 50% Female""", 5, 70, Slow, Water2, Dragon, INTIMIDATE, -------, 0, (Blue false), 0
+#LAPRAS#,122,79,75,56,79,89, WATER, ICE, 45, 219, (2 0 0 0 0 0), ????????, ????????," ""50% Male & 50% Female""", 40, 70, Slow, Monster, Water1," ""WATER ABSORB"""," ""SHELL ARMOR""", 0, (Blue false), 0
+#DITTO#,85,83,83,83,83,83, NORMAL, NORMAL, 35, 61, (1 0 0 0 0 0), ????????," ""METAL POWDER""", Genderless, 20, 70," ""Medium Fast""", Ditto, Ditto, LIMBER, -------, 0, (Purple false), 0
+#EEVEE#,68,68,62,68,55,79, NORMAL, NORMAL, 45, 92, (0 0 0 0 0 1), ????????, ????????," ""87% Male""", 35, 70," ""Medium Fast""", Field, Field," ""RUN AWAY""", -------, 0, (Brown false), 0
+#VAPOREON#,124,62,57,62,105,90, WATER, WATER, 45, 196, (2 0 0 0 0 0), ????????, ????????," ""87% Male""", 35, 70," ""Medium Fast""", Field, Field," ""WATER ABSORB""", -------, 0, (Blue false), 0
+#JOLTEON#,62,62,57,124,105,90, ELECTR, ELECTR, 45, 197, (0 0 0 2 0 0), ????????, ????????," ""87% Male""", 35, 70," ""Medium Fast""", Field, Field," ""VOLT ABSORB""", -------, 0, (Yellow false), 0
+#FLAREON#,62,124,57,62,90,105, FIRE, FIRE, 45, 198, (0 2 0 0 0 0), ????????, ????????," ""87% Male""", 35, 70," ""Medium Fast""", Field, Field," ""FLASH FIRE""", -------, 0, (Red false), 0
+#PORYGON#,66,61,71,41,85,76, NORMAL, NORMAL, 45, 130, (0 0 0 0 1 0), ????????, ????????, Genderless, 20, 70," ""Medium Fast""", Mineral, Mineral, TRACE, -------, 0, (Pink false), 0
+#OMANYTE#,39,45,114,39,101,62, ROCK, WATER, 45, 120, (0 0 1 0 0 0), ????????, ????????," ""87% Male""", 30, 70," ""Medium Fast""", Water1, Water3," ""SWIFT SWIM"""," ""SHELL ARMOR""", 0, (Blue false), 0
+#OMASTAR#,71,61,125,56,116,71, ROCK, WATER, 45, 199, (0 0 2 0 0 0), ????????, ????????," ""87% Male""", 30, 70," ""Medium Fast""", Water1, Water3," ""SWIFT SWIM"""," ""SHELL ARMOR""", 0, (Blue false), 0
+#KABUTO#,34,90,101,62,62,51, ROCK, WATER, 45, 119, (0 0 1 0 0 0), ????????, ????????," ""87% Male""", 30, 70," ""Medium Fast""", Water1, Water3," ""SWIFT SWIM"""," ""BATTLE ARMOR""", 0, (Brown false), 0
+#KABUTOPS#,61,115,106,81,66,71, ROCK, WATER, 45, 201, (0 2 0 0 0 0), ????????, ????????," ""87% Male""", 30, 70," ""Medium Fast""", Water1, Water3," ""SWIFT SWIM"""," ""BATTLE ARMOR""", 0, (Brown false), 0
+#AERODACTYL#,78,102,63,126,58,73, ROCK, FLYING, 45, 202, (0 0 0 2 0 0), ????????, ????????," ""87% Male""", 35, 70, Slow, Flying, Flying," ""ROCK HEAD""", PRESSURE, 0, (Purple false), 0
+#SNORLAX#,148,102,60,28,60,102, NORMAL, NORMAL, 25, 154, (2 0 0 0 0 0), LEFTOVERS, LEFTOVERS," ""87% Male""", 40, 70, Slow, Monster, Monster, IMMUNITY," ""THICK FAT""", 0, (Black false), 0
+#ARTICUNO#,78,73,86,73,82,108, ICE, FLYING, 3, 215, (0 0 0 0 0 3), ????????, ????????, Genderless, 80, 35, Slow, Undiscovered, Undiscovered, PRESSURE, -------, 0, (Blue false), 0
+#ZAPDOS#,78,78,73,86,107,78, ELECTR, FLYING, 3, 216, (0 0 0 0 3 0), ????????, ????????, Genderless, 80, 35, Slow, Undiscovered, Undiscovered, PRESSURE, -------, 0, (Yellow false), 0
+#MOLTRES#,78,86,78,78,107,73, FIRE, FLYING, 3, 217, (0 0 0 0 3 0), ????????, ????????, Genderless, 80, 35, Slow, Undiscovered, Undiscovered, PRESSURE, -------, 0, (Yellow false), 0
+#DRATINI#,41,64,45,50,50,50, DRAGON, DRAGON, 45, 67, (0 1 0 0 0 0), ????????," ""DRAGON SCALE"""," ""50% Male & 50% Female""", 40, 35, Slow, Water1, Dragon," ""SHED SKIN""", -------, 0, (Blue false), 0
+#DRAGONAIR#,58,79,62,67,67,67, DRAGON, DRAGON, 45, 144, (0 2 0 0 0 0), ????????," ""DRAGON SCALE"""," ""50% Male & 50% Female""", 40, 35, Slow, Water1, Dragon," ""SHED SKIN""", -------, 0, (Blue false), 0
+#DRAGONITE#,76,112,79,67,83,83, DRAGON, FLYING, 45, 218, (0 3 0 0 0 0), ????????," ""DRAGON SCALE"""," ""50% Male & 50% Female""", 40, 35, Slow, Water1, Dragon," ""INNER FOCUS""", -------, 0, (Brown false), 0
+#MEWTWO#,78,81,66,96,113,66, PSYCHC, PSYCHC, 3, 220, (0 0 0 0 3 0), ????????, ????????, Genderless, 120, 0, Slow, Undiscovered, Undiscovered, PRESSURE, -------, 0, (Purple false), 0
+#MEW#,85,83,83,83,83,83, PSYCHC, PSYCHC, 45, 64, (3 0 0 0 0 0)," ""LUM BERRY"""," ""LUM BERRY""", Genderless, 120, 100," ""Medium Slow""", Undiscovered, Undiscovered, SYNCHRONIZE, -------, 0, (Pink false), 0
+#CHIKORITA#,42,46,63,42,46,61, GRASS, GRASS, 45, 64, (0 0 0 0 0 1), ????????, ????????," ""87% Male""", 20, 70," ""Medium Slow""", Monster, Grass, OVERGROW, -------, 0, (Green false), 0
+#BAYLEEF#,59,61,80,59,62,79, GRASS, GRASS, 45, 141, (0 0 1 0 0 1), ????????, ????????," ""87% Male""", 20, 70," ""Medium Slow""", Monster, Grass, OVERGROW, -------, 0, (Green false), 0
+#MEGANIUM#,76,78,96,76,79,95, GRASS, GRASS, 45, 208, (0 0 1 0 0 2), ????????, ????????," ""87% Male""", 20, 70," ""Medium Slow""", Monster, Grass, OVERGROW, -------, 0, (Green false), 0
+#CYNDAQUIL#,38,50,42,63,58,49, FIRE, FIRE, 45, 65, (0 0 0 1 0 0), ????????, ????????," ""87% Male""", 20, 70," ""Medium Slow""", Field, Field, BLAZE, -------, 0, (Yellow false), 0
+#QUILAVA#,57,63,57,80,79,64, FIRE, FIRE, 45, 142, (0 0 0 1 1 0), ????????, ????????," ""87% Male""", 20, 70," ""Medium Slow""", Field, Field, BLAZE, -------, 0, (Yellow false), 0
+#TYPHLOSION#,73,79,73,94,101,80, FIRE, FIRE, 45, 209, (0 0 0 0 3 0), ????????, ????????," ""87% Male""", 20, 70," ""Medium Slow""", Field, Field, BLAZE, -------, 0, (Yellow false), 0
+#TOTODILE#,48,62,61,41,42,46, WATER, WATER, 45, 66, (0 1 0 0 0 0), ????????, ????????," ""87% Male""", 20, 70," ""Medium Slow""", Monster, Water1, TORRENT, -------, 0, (Blue false), 0
+#CROCONAW#,64,80,79,57,58,62, WATER, WATER, 45, 143, (0 1 1 0 0 0), ????????, ????????," ""87% Male""", 20, 70," ""Medium Slow""", Monster, Water1, TORRENT, -------, 0, (Blue true), 0
+#FERALIGATR#,80,99,94,74,75,78, WATER, WATER, 45, 210, (0 2 1 0 0 0), ????????, ????????," ""87% Male""", 20, 70," ""Medium Slow""", Monster, Water1, TORRENT, -------, 0, (Blue false), 0
+#SENTRET#,65,86,63,37,65,84, NORMAL, NORMAL, 255, 57, (0 1 0 0 0 0), ????????," ""ORAN BERRY"""," ""50% Male & 50% Female""", 15, 70," ""Medium Fast""", Field, Field," ""RUN AWAY"""," ""KEEN EYE""", 0, (Brown false), 0
+#FURRET#,102,92,77,109,54,66, NORMAL, NORMAL, 90, 116, (0 0 0 2 0 0)," ""ORAN BERRY"""," ""SITRUS BERRY"""," ""50% Male & 50% Female""", 15, 70," ""Medium Fast""", Field, Field," ""RUN AWAY"""," ""KEEN EYE""", 0, (Brown false), 0
+#HOOTHOOT#,92,46,46,76,55,85, NORMAL, FLYING, 255, 58, (1 0 0 0 0 0), ????????, ????????," ""50% Male & 50% Female""", 15, 70," ""Medium Fast""", Flying, Flying, INSOMNIA," ""KEEN EYE""", 0, (Brown false), 0
+#NOCTOWL#,112,57,57,79,86,109, NORMAL, FLYING, 90, 162, (2 0 0 0 0 0), ????????, ????????," ""50% Male & 50% Female""", 15, 70," ""Medium Fast""", Flying, Flying, INSOMNIA," ""KEEN EYE""", 0, (Brown false), 0
+#LEDYBA#,60,30,45,83,60,122, BUG, FLYING, 255, 54, (0 0 0 0 0 1), ????????, ????????," ""50% Male & 50% Female""", 15, 70, Fast, Bug, Bug, SWARM," ""EARLY BIRD""", 0, (Red false), 0
+#LEDIAN#,71,45,64,109,71,140, BUG, FLYING, 90, 134, (0 0 0 0 0 2), ????????, ????????," ""50% Male & 50% Female""", 15, 70, Fast, Bug, Bug, SWARM," ""EARLY BIRD""", 0, (Red false), 0
+#SPINARAK#,64,96,64,48,64,64, BUG, POISON, 255, 54, (0 1 0 0 0 0), ????????, ????????," ""50% Male & 50% Female""", 15, 70, Fast, Bug, Bug, SWARM, INSOMNIA, 0, (Green false), 0
+#ARIADOS#,90,115,90,51,77,77, BUG, POISON, 90, 134, (0 2 0 0 0 0), ????????, ????????," ""50% Male & 50% Female""", 15, 70, Fast, Bug, Bug, SWARM, INSOMNIA, 0, (Red false), 0
+#CROBAT#,79,84,75,122,65,75, POISON, FLYING, 90, 204, (0 0 0 3 0 0), ????????, ????????," ""50% Male & 50% Female""", 15, 70," ""Medium Fast""", Flying, Flying," ""INNER FOCUS""", -------, 0, (Purple false), 0
+#CHINCHOU#,91,46,46,81,68,68, WATER, ELECTR, 190, 90, (1 0 0 0 0 0), ????????," ""YELLOW SHARD"""," ""50% Male & 50% Female""", 20, 70, Slow, Water2, Water2," ""VOLT ABSORB""", ILLUMINATE, 0, (Blue false), 0
+#LANTURN#,135,63,63,73,83,83, WATER, ELECTR, 75, 156, (2 0 0 0 0 0), ????????," ""YELLOW SHARD"""," ""50% Male & 50% Female""", 20, 70, Slow, Water2, Water2," ""VOLT ABSORB""", ILLUMINATE, 0, (Blue false), 0
+#PICHU#,29,59,22,88,51,51, ELECTR, ELECTR, 190, 42, (0 0 0 1 0 0), ????????," ""ORAN BERRY"""," ""50% Male & 50% Female""", 10, 70," ""Medium Fast""", Undiscovered, Undiscovered, STATIC, -------, 0, (Yellow false), 0
+#CLEFFA#,69,34,39,21,62,75, NORMAL, NORMAL, 150, 37, (0 0 0 0 0 1)," ""LEPPA BERRY"""," ""MOON STONE"""," ""75% Female""", 10, 140, Fast, Undiscovered, Undiscovered," ""CUTE CHARM""", -------, 0, (Pink false), 0
+#IGGLYBUFF#,129,43,21,21,57,29, NORMAL, NORMAL, 170, 39, (1 0 0 0 0 0), ????????, ????????," ""75% Female""", 10, 70, Fast, Undiscovered, Undiscovered," ""CUTE CHARM""", -------, 0, (Pink true), 0
+#TOGEPI#,57,33,106,33,65,106, NORMAL, NORMAL, 190, 74, (0 0 0 0 0 1), ????????, ????????," ""87% Male""", 10, 70, Fast, Undiscovered, Undiscovered, HUSTLE," ""SERENE GRACE""", 0, (White false), 0
+#TOGETIC#,68,49,105,49,99,130, NORMAL, FLYING, 75, 114, (0 0 0 0 0 2), ????????, ????????," ""87% Male""", 10, 70, Fast, Flying, Fairy, HUSTLE," ""SERENE GRACE""", 0, (White false), 0
+#NATU#,50,62,56,88,88,56, PSYCHC, FLYING, 190, 73, (0 0 0 0 1 0), ????????, ????????," ""50% Male & 50% Female""", 20, 70," ""Medium Fast""", Flying, Flying, SYNCHRONIZE," ""EARLY BIRD""", 6, (Green false), 0
+#XATU#,69,80,74,102,101,74, PSYCHC, FLYING, 75, 171, (0 0 0 1 1 0), ????????, ????????," ""50% Male & 50% Female""", 20, 70," ""Medium Fast""", Flying, Flying, SYNCHRONIZE," ""EARLY BIRD""", 8, (Green false), 0
+#MAREEP#,59,43,43,38,69,48, ELECTR, ELECTR, 235, 59, (0 0 0 0 1 0), ????????, ????????," ""50% Male & 50% Female""", 20, 70," ""Medium Slow""", Monster, Field, STATIC, -------, 0, (White false), 0
+#FLAAFFY#,77,60,60,49,88,66, ELECTR, ELECTR, 120, 117, (0 0 0 0 2 0), ????????, ????????," ""50% Male & 50% Female""", 20, 70," ""Medium Slow""", Monster, Field, STATIC, -------, 0, (Pink false), 0
+#AMPHAROS#,90,75,75,55,115,90, ELECTR, ELECTR, 45, 194, (0 0 0 0 3 0), ????????, ????????," ""50% Male & 50% Female""", 20, 70," ""Medium Slow""", Monster, Field, STATIC, -------, 0, (Yellow false), 0
+#BELLOSSOM#,78,83,89,52,94,104, GRASS, GRASS, 45, 184, (0 0 0 0 0 3), ????????, ????????," ""50% Male & 50% Female""", 20, 70," ""Medium Slow""", Grass, Grass, CHLOROPHYLL, -------, 0, (Green false), 0
+#MARILL#,112,32,80,64,32,80, WATER, WATER, 190, 58, (2 0 0 0 0 0), ????????, ????????," ""50% Male & 50% Female""", 10, 70, Fast, Water1, Fairy," ""THICK FAT"""," ""HUGE POWER""", 0, (Blue false), 0
+#AZUMARILL#,121,61,98,61,61,98, WATER, WATER, 75, 153, (3 0 0 0 0 0), ????????, ????????," ""50% Male & 50% Female""", 10, 70, Fast, Water1, Fairy," ""THICK FAT"""," ""HUGE POWER""", 0, (Blue false), 0
+#SUDOWOODO#,85,122,140,37,37,79, ROCK, ROCK, 65, 135, (0 0 2 0 0 0), ????????, ????????," ""50% Male & 50% Female""", 20, 70," ""Medium Fast""", Mineral, Mineral, STURDY," ""ROCK HEAD""", 0, (Brown false), 0
+#POLITOED#,90,75,75,70,90,100, WATER, WATER, 45, 185, (0 0 0 0 0 3), ????????," ""KING'S ROCK"""," ""50% Male & 50% Female""", 20, 70," ""Medium Slow""", Water1, Water1," ""WATER ABSORB""", DAMP, 0, (Green true), 0
+#HOPPIP#,42,42,48,60,42,66, GRASS, FLYING, 255, 74, (0 0 0 0 0 1), ????????, ????????," ""50% Male & 50% Female""", 20, 70," ""Medium Slow""", Fairy, Grass, CHLOROPHYLL, -------, 0, (Pink false), 0
+#SKIPLOOM#,65,53,59,94,53,76, GRASS, FLYING, 120, 136, (0 0 0 2 0 0), ????????, ????????," ""50% Male & 50% Female""", 20, 70," ""Medium Slow""", Fairy, Grass, CHLOROPHYLL, -------, 0, (Green false), 0
+#JUMPLUFF#,83,61,78,123,61,94, GRASS, FLYING, 45, 176, (0 0 0 3 0 0), ????????, ????????," ""50% Male & 50% Female""", 20, 70," ""Medium Slow""", Fairy, Grass, CHLOROPHYLL, -------, 0, (Blue false), 0
+#AIPOM#,76,97,76,119,56,76, NORMAL, NORMAL, 45, 94, (0 0 0 1 0 0), ????????, ????????," ""50% Male & 50% Female""", 20, 70, Fast, Field, Field," ""RUN AWAY""", PICKUP, 0, (Purple false), 0
+#SUNKERN#,65,67,67,67,67,67, GRASS, GRASS, 235, 52, (0 0 0 0 1 0), ????????, ????????," ""50% Male & 50% Female""", 20, 70," ""Medium Slow""", Grass, Grass, CHLOROPHYLL, -------, 0, (Yellow false), 0
+#SUNFLORA#,88,88,65,35,124,100, GRASS, GRASS, 120, 146, (0 0 0 0 2 0), ????????, ????????," ""50% Male & 50% Female""", 20, 70," ""Medium Slow""", Grass, Grass, CHLOROPHYLL, -------, 0, (Yellow false), 0
+#YANMA#,83,83,58,122,96,58, BUG, FLYING, 75, 147, (0 0 0 2 0 0), ????????, ????????," ""50% Male & 50% Female""", 20, 70," ""Medium Fast""", Bug, Bug," ""SPEED BOOST""", COMPOUNDEYES, 0, (Red false), 0
+#WOOPER#,103,86,86,29,48,48, WATER, GROUND, 255, 52, (1 0 0 0 0 0), ????????, ????????," ""50% Male & 50% Female""", 20, 70," ""Medium Fast""", Water1, Field, DAMP," ""WATER ABSORB""", 0, (Blue false), 0
+#QUAGSIRE#,109,99,99,41,76,76, WATER, GROUND, 90, 137, (2 0 0 0 0 0), ????????, ????????," ""50% Male & 50% Female""", 20, 70," ""Medium Fast""", Water1, Field, DAMP," ""WATER ABSORB""", 0, (Blue false), 0
+#ESPEON#,62,62,57,105,124,90, PSYCHC, PSYCHC, 45, 197, (0 0 0 0 2 0), ????????, ????????," ""87% Male""", 35, 70," ""Medium Fast""", Field, Field, SYNCHRONIZE, -------, 0, (Purple false), 0
+#UMBREON#,90,62,105,62,57,124, DARK, DARK, 45, 197, (0 0 0 0 0 2), ????????, ????????," ""87% Male""", 35, 35," ""Medium Fast""", Field, Field, SYNCHRONIZE, -------, 0, (Black false), 0
+#MURKROW#,74,105,52,112,105,52, DARK, FLYING, 30, 107, (0 0 0 1 0 0), ????????, ????????," ""50% Male & 50% Female""", 20, 35," ""Medium Slow""", Flying, Flying, INSOMNIA, -------, 0, (Black false), 0
+#SLOWKING#,97,77,82,31,102,111, WATER, PSYCHC, 70, 164, (0 0 0 0 0 3), ????????," ""KING'S ROCK"""," ""50% Male & 50% Female""", 20, 70," ""Medium Fast""", Monster, Water1, OBLIVIOUS," ""OWN TEMPO""", 0, (Pink false), 0
+#MISDREAVUS#,69,69,69,97,98,98, GHOST, GHOST, 45, 147, (0 0 0 0 1 1), ????????," ""SPELL TAG"""," ""50% Male & 50% Female""", 25, 35, Fast, Amorphous, Amorphous, LEVITATE, -------, 0, (Gray false), 0
+#UNOWN#,71,109,71,71,107,71, PSYCHC, PSYCHC, 225, 61, (0 1 0 0 1 0), ????????, ????????, Genderless, 40, 70," ""Medium Fast""", Undiscovered, Undiscovered, LEVITATE, -------, 0, (Black true), 0
+#WOBBUFFET#,233,41,72,41,41,72, PSYCHC, PSYCHC, 45, 177, (2 0 0 0 0 0), ????????, ????????," ""50% Male & 50% Female""", 20, 70," ""Medium Fast""", Amorphous, Amorphous," ""SHADOW TAG""", -------, 4, (Blue false), 0
+#GIRAFARIG#,77,88,71,93,100,71, NORMAL, PSYCHC, 60, 149, (0 0 0 0 2 0), ????????," ""PERSIM BERRY"""," ""50% Male & 50% Female""", 20, 70," ""Medium Fast""", Field, Field," ""INNER FOCUS"""," ""EARLY BIRD""", 4, (Yellow false), 0
+#PINECO#,69,90,124,21,48,48, BUG, BUG, 190, 60, (0 0 1 0 0 0), ????????, ????????," ""50% Male & 50% Female""", 20, 70," ""Medium Fast""", Bug, Bug, STURDY, -------, 0, (Gray false), 0
+#FORRETRESS#,81,97,149,43,65,65, BUG, STEEL, 75, 118, (0 0 2 0 0 0), ????????, ????????," ""50% Male & 50% Female""", 20, 70," ""Medium Fast""", Bug, Bug, STURDY, -------, 0, (Purple false), 0
+#DUNSPARCE#,122,84,84,54,78,78, NORMAL, NORMAL, 190, 75, (1 0 0 0 0 0), ????????, ????????," ""50% Male & 50% Female""", 20, 70," ""Medium Fast""", Field, Field," ""SERENE GRACE"""," ""RUN AWAY""", 0, (Yellow false), 0
+#GLIGAR#,76,87,121,99,41,76, GROUND, FLYING, 60, 108, (0 0 1 0 0 0), ????????, ????????," ""50% Male & 50% Female""", 20, 70," ""Medium Slow""", Bug, Bug," ""HYPER CUTTER"""," ""SAND VEIL""", 0, (Purple false), 0
+#STEELIX#,74,83,196,29,54,64, STEEL, GROUND, 25, 196, (0 0 2 0 0 0), ????????," ""METAL COAT"""," ""50% Male & 50% Female""", 25, 70," ""Medium Fast""", Mineral, Mineral," ""ROCK HEAD""", STURDY, 0, (Gray false), 0
+#SNUBBULL#,80,107,67,40,53,53, NORMAL, NORMAL, 190, 63, (0 1 0 0 0 0), ????????, ????????," ""75% Female""", 20, 70, Fast, Field, Fairy, INTIMIDATE," ""RUN AWAY""", 0, (Pink false), 0
+#GRANBULL#,100,133,83,50,67,67, NORMAL, NORMAL, 75, 178, (0 2 0 0 0 0), ????????, ????????," ""75% Female""", 20, 70, Fast, Field, Fairy, INTIMIDATE, INTIMIDATE, 0, (Purple false), 0
+#QWILFISH#,76,110,87,99,64,64, WATER, POISON, 45, 100, (0 1 0 0 0 0), ????????, ????????," ""50% Male & 50% Female""", 20, 70," ""Medium Fast""", Water2, Water2," ""POISON POINT"""," ""SWIFT SWIM""", 0, (Gray false), 0
+#SCIZOR#,70,130,100,65,55,80, BUG, STEEL, 25, 200, (0 2 0 0 0 0), ????????, ????????," ""50% Male & 50% Female""", 25, 70," ""Medium Fast""", Bug, Bug, SWARM, -------, 0, (Red false), 0
+#SHUCKLE#,20,10,227,5,10,228, BUG, ROCK, 190, 80, (0 0 1 0 0 1)," ""ORAN BERRY"""," ""ORAN BERRY"""," ""50% Male & 50% Female""", 20, 70," ""Medium Slow""", Bug, Bug, STURDY, -------, 0, (Yellow false), 0
+#HERACROSS#,80,125,75,85,40,95, BUG, FIGHT, 45, 200, (0 2 0 0 0 0), ????????, ????????," ""50% Male & 50% Female""", 25, 70, Slow, Bug, Bug, SWARM, GUTS, 8, (Blue false), 0
+#SNEASEL#,64,110,64,134,41,87, DARK, ICE, 60, 132, (0 0 0 1 0 0), ????????," ""QUICK CLAW"""," ""50% Male & 50% Female""", 20, 35," ""Medium Slow""", Field, Field," ""INNER FOCUS"""," ""KEEN EYE""", 0, (Black true), 0
+#TEDDIURSA#,73,96,61,48,61,61, NORMAL, NORMAL, 120, 124, (0 1 0 0 0 0), ????????, ????????," ""50% Male & 50% Female""", 20, 70," ""Medium Fast""", Field, Field, PICKUP, -------, 0, (Brown true), 0
+#URSARING#,90,130,75,55,75,75, NORMAL, NORMAL, 60, 189, (0 2 0 0 0 0), ????????, ????????," ""50% Male & 50% Female""", 20, 70," ""Medium Fast""", Field, Field, GUTS, -------, 0, (Brown false), 0
+#SLUGMA#,64,64,64,32,112,64, FIRE, FIRE, 190, 78, (0 0 0 0 1 0), ????????, ????????," ""50% Male & 50% Female""", 20, 70," ""Medium Fast""", Amorphous, Amorphous," ""MAGMA ARMOR"""," ""FLAME BODY""", 0, (Red false), 0
+#MAGCARGO#,61,61,145,37,98,98, FIRE, ROCK, 75, 154, (0 0 2 0 0 0), ????????, ????????," ""50% Male & 50% Female""", 20, 70," ""Medium Fast""", Amorphous, Amorphous," ""MAGMA ARMOR"""," ""FLAME BODY""", 0, (Red false), 0
+#SWINUB#,80,80,64,80,48,48, ICE, GROUND, 225, 78, (0 1 0 0 0 0), ????????, ????????," ""50% Male & 50% Female""", 20, 70, Slow, Field, Field, OBLIVIOUS, -------, 0, (Brown false), 0
+#PILOSWINE#,110,111,89,56,67,67, ICE, GROUND, 75, 160, (1 1 0 0 0 0), ????????, ????????," ""50% Male & 50% Female""", 20, 70, Slow, Field, Field, OBLIVIOUS, -------, 0, (Brown false), 0
+#CORSOLA#,72,72,112,46,86,112, WATER, ROCK, 60, 113, (0 0 1 0 0 1), ????????," ""RED SHARD"""," ""75% Female""", 20, 70, Fast, Water1, Water3, HUSTLE," ""NATURAL CURE""", 0, (Pink false), 0
+#REMORAID#,47,85,47,87,87,47, WATER, WATER, 190, 78, (0 0 0 0 1 0), ????????, ????????," ""50% Male & 50% Female""", 20, 70," ""Medium Fast""", Water1, Water2, HUSTLE, -------, 0, (Gray false), 0
+#OCTILLERY#,78,110,78,47,109,78, WATER, WATER, 75, 164, (0 1 0 0 1 0), ????????, ????????," ""50% Male & 50% Female""", 20, 70," ""Medium Fast""", Water1, Water2," ""SUCTION CUPS""", -------, 0, (Red false), 0
+#DELIBIRD#,68,83,68,115,98,68, ICE, FLYING, 45, 183, (0 0 0 1 0 0), ????????, ????????," ""50% Male & 50% Female""", 20, 70, Fast, Water1, Field," ""VITAL SPIRIT""", HUSTLE, 0, (Red false), 0
+#MANTINE#,70,43,75,75,86,151, WATER, FLYING, 25, 168, (0 0 0 0 0 2), ????????, ????????," ""50% Male & 50% Female""", 25, 70, Slow, Water1, Water1," ""SWIFT SWIM"""," ""WATER ABSORB""", 0, (Purple false), 0
+#SKARMORY#,70,86,151,75,43,75, STEEL, FLYING, 25, 168, (0 0 2 0 0 0), ????????, ????????," ""50% Male & 50% Female""", 25, 70, Slow, Flying, Flying," ""KEEN EYE""", STURDY, 0, (Gray false), 0
+#HOUNDOUR#,55,73,36,79,96,61, DARK, FIRE, 120, 114, (0 0 0 0 1 0), ????????, ????????," ""50% Male & 50% Female""", 20, 35, Slow, Field, Field," ""EARLY BIRD"""," ""FLASH FIRE""", 0, (Black false), 0
+#HOUNDOOM#,75,90,50,95,110,80, DARK, FIRE, 45, 204, (0 0 0 0 2 0), ????????, ????????," ""50% Male & 50% Female""", 20, 35, Slow, Field, Field," ""EARLY BIRD"""," ""FLASH FIRE""", 0, (Black false), 0
+#KINGDRA#,69,88,88,79,88,88, WATER, DRAGON, 45, 207, (0 1 0 0 1 1), ????????," ""DRAGON SCALE"""," ""50% Male & 50% Female""", 20, 70," ""Medium Fast""", Water1, Dragon," ""SWIFT SWIM""", -------, 0, (Blue false), 0
+#PHANPY#,110,73,73,48,48,48, GROUND, GROUND, 120, 124, (1 0 0 0 0 0), ????????, ????????," ""50% Male & 50% Female""", 20, 70," ""Medium Fast""", Field, Field, PICKUP, -------, 10, (Blue false), 0
+#DONPHAN#,90,120,120,50,60,60, GROUND, GROUND, 60, 189, (0 1 1 0 0 0), ????????, ????????," ""50% Male & 50% Female""", 20, 70," ""Medium Fast""", Field, Field, STURDY, -------, 0, (Gray false), 0
+#PORYGON2#,83,78,87,58,102,92, NORMAL, NORMAL, 45, 180, (0 0 0 0 2 0), ????????, ????????, Genderless, 20, 70," ""Medium Fast""", Mineral, Mineral, TRACE, -------, 0, (Red false), 0
+#STANTLER#,78,103,67,91,91,70, NORMAL, NORMAL, 45, 165, (0 1 0 0 0 0), ????????, ????????," ""50% Male & 50% Female""", 20, 70, Slow, Field, Field, INTIMIDATE, -------, 0, (Brown false), 0
+#SMEARGLE#,110,40,70,150,40,90, NORMAL, NORMAL, 45, 106, (0 0 0 1 0 0), ????????, ????????," ""50% Male & 50% Female""", 20, 70, Fast, Field, Field," ""OWN TEMPO""", -------, 0, (White false), 0
+#TYROGUE#,65,67,67,67,67,67, FIGHT, FIGHT, 75, 91, (0 1 0 0 0 0), ????????, ????????," ""100% Male""", 25, 70," ""Medium Fast""", Undiscovered, Undiscovered, GUTS, -------, 0, (Purple false), 0
+#HITMONTOP#,55,104,104,77,38,122, FIGHT, FIGHT, 45, 138, (0 0 0 0 0 2), ????????, ????????," ""100% Male""", 25, 70," ""Medium Fast""", Human-Like, Human-Like, INTIMIDATE, -------, 0, (Brown false), 0
+#SMOOCHUM#,59,39,20,85,112,85, ICE, PSYCHC, 45, 87, (0 0 0 0 1 0)," ""ASPEAR BERRY"""," ""ASPEAR BERRY"""," ""100% Female""", 25, 70," ""Medium Fast""", Undiscovered, Undiscovered, OBLIVIOUS, -------, 0, (Pink false), 0
+#ELEKID#,50,70,41,106,72,61, ELECTR, ELECTR, 45, 106, (0 0 0 1 0 0), ????????, ????????," ""75% Male""", 25, 70," ""Medium Fast""", Undiscovered, Undiscovered, STATIC, -------, 0, (Yellow true), 0
+#MAGBY#,49,82,41,91,77,60, FIRE, FIRE, 45, 117, (0 0 0 1 0 0)," ""RAWST BERRY"""," ""RAWST BERRY"""," ""75% Male""", 25, 70," ""Medium Fast""", Undiscovered, Undiscovered," ""FLAME BODY""", -------, 0, (Red false), 0
+#MILTANK#,97,82,107,102,41,71, NORMAL, NORMAL, 45, 200, (0 0 2 0 0 0)," ""MOOMOO MILK"""," ""MOOMOO MILK"""," ""100% Female""", 20, 70, Slow, Field, Field," ""THICK FAT""", -------, 0, (Pink false), 0
+#BLISSEY#,237,9,9,51,69,125, NORMAL, NORMAL, 30, 255, (2 0 0 0 0 0), ????????," ""LUCKY EGG"""," ""100% Female""", 40, 140, Fast, Fairy, Fairy," ""NATURAL CURE"""," ""SERENE GRACE""", 0, (Pink false), 0
+#RAIKOU#,78,73,65,99,99,86, ELECTR, ELECTR, 3, 216, (0 0 0 2 1 0), ????????, ????????, Genderless, 80, 35, Slow, Undiscovered, Undiscovered, PRESSURE, -------, 0, (Yellow false), 0
+#ENTEI#,99,99,73,86,78,65, FIRE, FIRE, 3, 217, (1 2 0 0 0 0), ????????, ????????, Genderless, 80, 35, Slow, Undiscovered, Undiscovered, PRESSURE, -------, 0, (Brown false), 0
+#SUICUNE#,86,65,99,73,78,99, WATER, WATER, 3, 215, (0 0 1 0 0 2), ????????, ????????, Genderless, 80, 35, Slow, Undiscovered, Undiscovered, PRESSURE, -------, 0, (Blue false), 0
+#LARVITAR#,50,64,50,41,45,50, ROCK, GROUND, 45, 67, (0 1 0 0 0 0), ????????, ????????," ""50% Male & 50% Female""", 40, 35, Slow, Monster, Monster, GUTS, -------, 0, (Green false), 0
+#PUPITAR#,68,83,68,50,63,68, ROCK, GROUND, 45, 144, (0 2 0 0 0 0), ????????, ????????," ""50% Male & 50% Female""", 40, 35, Slow, Monster, Monster," ""SHED SKIN""", -------, 0, (Gray false), 0
+#TYRANITAR#,83,112,92,51,79,83, ROCK, DARK, 45, 218, (0 3 0 0 0 0), ????????, ????????," ""50% Male & 50% Female""", 40, 35, Slow, Monster, Monster," ""SAND STREAM""", -------, 0, (Green false), 0
+#LUGIA#,78,66,96,81,66,113, PSYCHC, FLYING, 3, 220, (0 0 0 0 0 3), ????????, ????????, Genderless, 120, 0, Slow, Undiscovered, Undiscovered, PRESSURE, -------, 0, (White false), 0
+#HO-OH#,78,96,66,66,81,113, FIRE, FLYING, 3, 220, (0 0 0 0 0 3)," ""SACRED ASH"""," ""SACRED ASH""", Genderless, 120, 0, Slow, Undiscovered, Undiscovered, PRESSURE, -------, 0, (Red false), 0
+#CELEBI#,85,83,83,83,83,83, PSYCHC, GRASS, 45, 64, (3 0 0 0 0 0)," ""LUM BERRY"""," ""LUM BERRY""", Genderless, 120, 100," ""Medium Slow""", Undiscovered, Undiscovered," ""NATURAL CURE""", -------, 0, (Green false), 0
+#?#,25,75,25,75,75,25, NORMAL, NORMAL, 3, 1, (2 2 2 2 2 2), ????????, ????????, Genderless, 120, 0," ""Medium Fast""", Undiscovered, Undiscovered, -------, -------, 0, (Black false), 0
+#?~2#,25,75,25,75,75,25, NORMAL, NORMAL, 3, 1, (2 2 2 2 2 2), ????????, ????????, Genderless, 120, 0," ""Medium Fast""", Undiscovered, Undiscovered, -------, -------, 0, (Black false), 0
+#?~3#,25,75,25,75,75,25, NORMAL, NORMAL, 3, 1, (2 2 2 2 2 2), ????????, ????????, Genderless, 120, 0," ""Medium Fast""", Undiscovered, Undiscovered, -------, -------, 0, (Black false), 0
+#?~4#,25,75,25,75,75,25, NORMAL, NORMAL, 3, 1, (2 2 2 2 2 2), ????????, ????????, Genderless, 120, 0," ""Medium Fast""", Undiscovered, Undiscovered, -------, -------, 0, (Black false), 0
+#?~5#,25,75,25,75,75,25, NORMAL, NORMAL, 3, 1, (2 2 2 2 2 2), ????????, ????????, Genderless, 120, 0," ""Medium Fast""", Undiscovered, Undiscovered, -------, -------, 0, (Black false), 0
+#?~6#,25,75,25,75,75,25, NORMAL, NORMAL, 3, 1, (2 2 2 2 2 2), ????????, ????????, Genderless, 120, 0," ""Medium Fast""", Undiscovered, Undiscovered, -------, -------, 0, (Black false), 0
+#?~7#,25,75,25,75,75,25, NORMAL, NORMAL, 3, 1, (2 2 2 2 2 2), ????????, ????????, Genderless, 120, 0," ""Medium Fast""", Undiscovered, Undiscovered, -------, -------, 0, (Black false), 0
+#?~8#,25,75,25,75,75,25, NORMAL, NORMAL, 3, 1, (2 2 2 2 2 2), ????????, ????????, Genderless, 120, 0," ""Medium Fast""", Undiscovered, Undiscovered, -------, -------, 0, (Black false), 0
+#?~9#,25,75,25,75,75,25, NORMAL, NORMAL, 3, 1, (2 2 2 2 2 2), ????????, ????????, Genderless, 120, 0," ""Medium Fast""", Undiscovered, Undiscovered, -------, -------, 0, (Black false), 0
+#?~10#,25,75,25,75,75,25, NORMAL, NORMAL, 3, 1, (2 2 2 2 2 2), ????????, ????????, Genderless, 120, 0," ""Medium Fast""", Undiscovered, Undiscovered, -------, -------, 0, (Black false), 0
+#?~11#,25,75,25,75,75,25, NORMAL, NORMAL, 3, 1, (2 2 2 2 2 2), ????????, ????????, Genderless, 120, 0," ""Medium Fast""", Undiscovered, Undiscovered, -------, -------, 0, (Black false), 0
+#?~12#,25,75,25,75,75,25, NORMAL, NORMAL, 3, 1, (2 2 2 2 2 2), ????????, ????????, Genderless, 120, 0," ""Medium Fast""", Undiscovered, Undiscovered, -------, -------, 0, (Black false), 0
+#?~13#,25,75,25,75,75,25, NORMAL, NORMAL, 3, 1, (2 2 2 2 2 2), ????????, ????????, Genderless, 120, 0," ""Medium Fast""", Undiscovered, Undiscovered, -------, -------, 0, (Black false), 0
+#?~14#,25,75,25,75,75,25, NORMAL, NORMAL, 3, 1, (2 2 2 2 2 2), ????????, ????????, Genderless, 120, 0," ""Medium Fast""", Undiscovered, Undiscovered, -------, -------, 0, (Black false), 0
+#?~15#,25,75,25,75,75,25, NORMAL, NORMAL, 3, 1, (2 2 2 2 2 2), ????????, ????????, Genderless, 120, 0," ""Medium Fast""", Undiscovered, Undiscovered, -------, -------, 0, (Black false), 0
+#?~16#,25,75,25,75,75,25, NORMAL, NORMAL, 3, 1, (2 2 2 2 2 2), ????????, ????????, Genderless, 120, 0," ""Medium Fast""", Undiscovered, Undiscovered, -------, -------, 0, (Black false), 0
+#?~17#,25,75,25,75,75,25, NORMAL, NORMAL, 3, 1, (2 2 2 2 2 2), ????????, ????????, Genderless, 120, 0," ""Medium Fast""", Undiscovered, Undiscovered, -------, -------, 0, (Black false), 0
+#?~18#,25,75,25,75,75,25, NORMAL, NORMAL, 3, 1, (2 2 2 2 2 2), ????????, ????????, Genderless, 120, 0," ""Medium Fast""", Undiscovered, Undiscovered, -------, -------, 0, (Black false), 0
+#?~19#,25,75,25,75,75,25, NORMAL, NORMAL, 3, 1, (2 2 2 2 2 2), ????????, ????????, Genderless, 120, 0," ""Medium Fast""", Undiscovered, Undiscovered, -------, -------, 0, (Black false), 0
+#?~20#,25,75,25,75,75,25, NORMAL, NORMAL, 3, 1, (2 2 2 2 2 2), ????????, ????????, Genderless, 120, 0," ""Medium Fast""", Undiscovered, Undiscovered, -------, -------, 0, (Black false), 0
+#?~21#,25,75,25,75,75,25, NORMAL, NORMAL, 3, 1, (2 2 2 2 2 2), ????????, ????????, Genderless, 120, 0," ""Medium Fast""", Undiscovered, Undiscovered, -------, -------, 0, (Black false), 0
+#?~22#,25,75,25,75,75,25, NORMAL, NORMAL, 3, 1, (2 2 2 2 2 2), ????????, ????????, Genderless, 120, 0," ""Medium Fast""", Undiscovered, Undiscovered, -------, -------, 0, (Black false), 0
+#?~23#,25,75,25,75,75,25, NORMAL, NORMAL, 3, 1, (2 2 2 2 2 2), ????????, ????????, Genderless, 120, 0," ""Medium Fast""", Undiscovered, Undiscovered, -------, -------, 0, (Black false), 0
+#?~24#,25,75,25,75,75,25, NORMAL, NORMAL, 3, 1, (2 2 2 2 2 2), ????????, ????????, Genderless, 120, 0," ""Medium Fast""", Undiscovered, Undiscovered, -------, -------, 0, (Black false), 0
+#?~25#,25,75,25,75,75,25, NORMAL, NORMAL, 3, 1, (2 2 2 2 2 2), ????????, ????????, Genderless, 120, 0," ""Medium Fast""", Undiscovered, Undiscovered, -------, -------, 0, (Black false), 0
+#TREECKO#,39,44,34,67,63,53, GRASS, GRASS, 45, 65, (0 0 0 1 0 0), ????????, ????????," ""87% Male""", 20, 70," ""Medium Slow""", Monster, Dragon, OVERGROW, -------, 0, (Green false), 0
+#GROVYLE#,49,64,44,95,84,64, GRASS, GRASS, 45, 141, (0 0 0 2 0 0), ????????, ????????," ""87% Male""", 20, 70," ""Medium Slow""", Monster, Dragon, OVERGROW, -------, 0, (Green false), 0
+#SCEPTILE#,66,80,61,114,99,80, GRASS, GRASS, 45, 208, (0 0 0 3 0 0), ????????, ????????," ""87% Male""", 20, 70," ""Medium Slow""", Monster, Dragon, OVERGROW, -------, 0, (Green false), 0
+#TORCHIC#,44,58,39,44,67,48, FIRE, FIRE, 45, 65, (0 0 0 0 1 0), ????????, ????????," ""87% Male""", 20, 70," ""Medium Slow""", Field, Field, BLAZE, -------, 0, (Red false), 0
+#COMBUSKEN#,59,85,59,54,84,59, FIRE, FIGHT, 45, 142, (0 1 0 0 1 0), ????????, ????????," ""87% Male""", 20, 70," ""Medium Slow""", Field, Field, BLAZE, -------, 0, (Red false), 0
+#BLAZIKEN#,75,114,66,75,104,66, FIRE, FIGHT, 45, 209, (0 3 0 0 0 0), ????????, ????????," ""87% Male""", 20, 70," ""Medium Slow""", Field, Field, BLAZE, -------, 0, (Red false), 0
+#MUDKIP#,48,69,48,39,48,48, WATER, WATER, 45, 65, (0 1 0 0 0 0), ????????, ????????," ""87% Male""", 20, 70," ""Medium Slow""", Monster, Water1, TORRENT, -------, 0, (Blue false), 0
+#MARSHTOMP#,69,85,69,49,59,69, WATER, GROUND, 45, 143, (0 2 0 0 0 0), ????????, ????????," ""87% Male""", 20, 70," ""Medium Slow""", Monster, Water1, TORRENT, -------, 0, (Blue false), 0
+#SWAMPERT#,93,104,84,56,79,84, WATER, GROUND, 45, 210, (0 3 0 0 0 0), ????????, ????????," ""87% Male""", 20, 70," ""Medium Slow""", Monster, Water1, TORRENT, -------, 0, (Blue false), 0
+#POOCHYENA#,64,98,64,64,55,55, DARK, DARK, 255, 55, (0 1 0 0 0 0), ????????," ""PECHA BERRY"""," ""50% Male & 50% Female""", 15, 70," ""Medium Fast""", Field, Field," ""RUN AWAY""", -------, 0, (Gray false), 0
+#MIGHTYENA#,83,109,83,83,71,71, DARK, DARK, 127, 128, (0 2 0 0 0 0), ????????," ""PECHA BERRY"""," ""50% Male & 50% Female""", 15, 70," ""Medium Fast""", Field, Field, INTIMIDATE, -------, 0, (Gray false), 0
+#ZIGZAGOON#,63,50,68,101,50,68, NORMAL, NORMAL, 255, 60, (0 0 0 1 0 0), ????????," ""ORAN BERRY"""," ""50% Male & 50% Female""", 15, 70," ""Medium Fast""", Field, Field, PICKUP, -------, 0, (Brown false), 0
+#LINOONE#,93,83,73,118,60,73, NORMAL, NORMAL, 90, 128, (0 0 0 2 0 0)," ""ORAN BERRY"""," ""SITRUS BERRY"""," ""50% Male & 50% Female""", 15, 70," ""Medium Fast""", Field, Field, PICKUP, -------, 0, (White false), 0
+#WURMPLE#,69,69,54,31,31,46, BUG, BUG, 255, 54, (1 0 0 0 0 0), ????????, ????????," ""50% Male & 50% Female""", 15, 70," ""Medium Fast""", Bug, Bug," ""SHIELD DUST""", -------, 0, (Red false), 0
+#SILCOON#,98,68,107,29,49,49, BUG, BUG, 120, 71, (0 0 2 0 0 0), ????????, ????????," ""50% Male & 50% Female""", 15, 70," ""Medium Fast""", Bug, Bug," ""SHED SKIN""", -------, 0, (White false), 0
+#BEAUTIFLY#,78,91,65,84,117,65, BUG, FLYING, 45, 161, (0 0 0 0 3 0), ????????, SILVERPOWDER," ""50% Male & 50% Female""", 15, 70," ""Medium Fast""", Bug, Bug, SWARM, -------, 0, (Yellow false), 0
+#CASCOON#,98,68,107,29,49,49, BUG, BUG, 120, 72, (0 0 2 0 0 0), ????????, ????????," ""50% Male & 50% Female""", 15, 70," ""Medium Fast""", Bug, Bug," ""SHED SKIN""", -------, 0, (Purple false), 0
+#DUSTOX#,78,65,91,84,65,117, BUG, POISON, 45, 160, (0 0 0 0 0 3), ????????, SILVERPOWDER," ""50% Male & 50% Female""", 15, 70," ""Medium Fast""", Bug, Bug," ""SHIELD DUST""", -------, 0, (Green false), 0
+#LOTAD#,55,41,41,41,55,67, WATER, GRASS, 255, 74, (0 0 0 0 0 1), ????????, ????????," ""50% Male & 50% Female""", 15, 70," ""Medium Slow""", Water1, Grass," ""SWIFT SWIM"""," ""RAIN DISH""", 0, (Green false), 0
+#LOMBRE#,71,59,59,59,71,81, WATER, GRASS, 120, 141, (0 0 0 0 0 2), ????????, ????????," ""50% Male & 50% Female""", 15, 70," ""Medium Slow""", Water1, Grass," ""SWIFT SWIM"""," ""RAIN DISH""", 0, (Green false), 0
+#LUDICOLO#,83,73,73,73,94,104, WATER, GRASS, 45, 181, (0 0 0 0 0 3), ????????, ????????," ""50% Male & 50% Female""", 15, 70," ""Medium Slow""", Water1, Grass," ""SWIFT SWIM"""," ""RAIN DISH""", 0, (Green false), 0
+#SEEDOT#,55,55,67,41,41,41, GRASS, GRASS, 255, 74, (0 0 1 0 0 0), ????????, ????????," ""50% Male & 50% Female""", 15, 70," ""Medium Slow""", Field, Grass, CHLOROPHYLL," ""EARLY BIRD""", 0, (Brown false), 0
+#NUZLEAF#,82,82,47,71,71,47, GRASS, DARK, 120, 141, (0 2 0 0 0 0), ????????, ????????," ""50% Male & 50% Female""", 15, 70," ""Medium Slow""", Field, Grass, CHLOROPHYLL," ""EARLY BIRD""", 0, (Brown false), 0
+#SHIFTRY#,94,105,62,83,94,62, GRASS, DARK, 45, 181, (0 3 0 0 0 0), ????????, ????????," ""50% Male & 50% Female""", 15, 70," ""Medium Slow""", Field, Grass, CHLOROPHYLL," ""EARLY BIRD""", 0, (Brown false), 0
+#NINCADA#,47,68,135,60,45,45, BUG, GROUND, 255, 65, (0 0 1 0 0 0), ????????, ????????," ""50% Male & 50% Female""", 15, 70, Erratic, Bug, Bug, COMPOUNDEYES, -------, 0, (Gray false), 0
+#NINJASK#,67,99,49,175,55,55, BUG, FLYING, 120, 155, (0 0 0 2 0 0), ????????, ????????," ""50% Male & 50% Female""", 15, 70, Erratic, Bug, Bug," ""SPEED BOOST""", -------, 0, (Yellow false), 0
+#SHEDINJA#,2,190,95,85,64,64, BUG, GHOST, 45, 95, (2 0 0 0 0 0), ????????, ????????, Genderless, 15, 70, Erratic, Mineral, Mineral," ""WONDER GUARD""", -------, 0, (Brown false), 0
+#TAILLOW#,59,81,44,128,44,44, NORMAL, FLYING, 200, 59, (0 0 0 1 0 0), ????????, ????????," ""50% Male & 50% Female""", 15, 70," ""Medium Slow""", Flying, Flying, GUTS, -------, 0, (Blue false), 0
+#SWELLOW#,70,99,70,145,58,58, NORMAL, FLYING, 45, 162, (0 0 0 2 0 0), ????????, ????????," ""50% Male & 50% Female""", 15, 70," ""Medium Slow""", Flying, Flying, GUTS, -------, 0, (Blue false), 0
+#SHROOMISH#,83,54,81,47,54,81, GRASS, GRASS, 255, 65, (1 0 0 0 0 0), ????????, ????????," ""50% Male & 50% Female""", 15, 70, Fluctuating, Fairy, Grass," ""EFFECT SPORE""", -------, 0, (Brown false), 0
+#BRELOOM#,65,142,87,76,65,65, GRASS, FIGHT, 90, 165, (0 2 0 0 0 0), ????????, ????????," ""50% Male & 50% Female""", 15, 70, Fluctuating, Fairy, Grass," ""EFFECT SPORE""", -------, 0, (Green false), 0
+#SPINDA#,85,83,83,83,83,83, NORMAL, NORMAL, 255, 85, (0 0 0 0 1 0), ????????," ""CHESTO BERRY"""," ""50% Male & 50% Female""", 15, 70, Fast, Field, Human-Like," ""OWN TEMPO""", -------, 0, (Brown true), 0
+#WINGULL#,59,44,44,128,81,44, WATER, FLYING, 190, 64, (0 0 0 1 0 0), ????????, ????????," ""50% Male & 50% Female""", 20, 70," ""Medium Fast""", Water1, Flying," ""KEEN EYE""", -------, 0, (White false), 0
+#PELIPPER#,70,58,116,76,99,81, WATER, FLYING, 45, 164, (0 0 2 0 0 0), ????????, ????????," ""50% Male & 50% Female""", 20, 70," ""Medium Fast""", Water1, Flying," ""KEEN EYE""", -------, 0, (Yellow false), 0
+#SURSKIT#,59,45,48,97,74,77, BUG, WATER, 200, 63, (0 0 0 1 0 0), ????????, ????????," ""50% Male & 50% Female""", 15, 70," ""Medium Fast""", Water1, Bug," ""SWIFT SWIM""", -------, 0, (Blue false), 0
+#MASQUERAIN#,85,72,75,72,97,99, BUG, FLYING, 75, 128, (0 0 0 0 1 1), ????????, SILVERPOWDER," ""50% Male & 50% Female""", 15, 70," ""Medium Fast""", Water1, Bug, INTIMIDATE, -------, 0, (Blue false), 0
+#WAILMER#,130,70,35,60,70,35, WATER, WATER, 125, 137, (1 0 0 0 0 0), ????????, ????????," ""50% Male & 50% Female""", 40, 70, Fluctuating, Field, Water2," ""WATER VEIL""", OBLIVIOUS, 0, (Blue false), 0
+#WAILORD#,170,90,45,60,90,45, WATER, WATER, 60, 206, (2 0 0 0 0 0), ????????, ????????," ""50% Male & 50% Female""", 40, 70, Fluctuating, Field, Water2," ""WATER VEIL""", OBLIVIOUS, 0, (Blue false), 0
+#SKITTY#,77,69,69,77,54,54, NORMAL, NORMAL, 255, 65, (0 0 0 1 0 0), ????????," ""LEPPA BERRY"""," ""75% Female""", 15, 70, Fast, Field, Fairy," ""CUTE CHARM""", -------, 0, (Pink false), 0
+#DELCATTY#,92,86,86,92,72,72, NORMAL, NORMAL, 60, 138, (1 0 0 1 0 0), ????????," ""LEPPA BERRY"""," ""75% Female""", 15, 70, Fast, Field, Fairy," ""CUTE CHARM""", -------, 0, (Purple false), 0
+#KECLEON#,68,102,80,45,68,137, NORMAL, NORMAL, 200, 132, (0 0 0 0 0 1), ????????," ""PERSIM BERRY"""," ""50% Male & 50% Female""", 20, 70," ""Medium Slow""", Field, Field," ""COLOR CHANGE""", -------, 0, (Green false), 0
+#BALTOY#,53,53,73,73,53,95, GROUND, PSYCHC, 255, 58, (0 0 0 0 0 1), ????????, ????????, Genderless, 20, 70," ""Medium Fast""", Mineral, Mineral, LEVITATE, -------, 0, (Brown false), 0
+#CLAYDOL#,60,70,105,75,70,120, GROUND, PSYCHC, 90, 189, (0 0 0 0 0 2), ????????, ????????, Genderless, 20, 70," ""Medium Fast""", Mineral, Mineral, LEVITATE, -------, 0, (Black false), 0
+#NOSEPASS#,40,60,180,40,60,120, ROCK, ROCK, 255, 108, (0 0 1 0 0 0), ????????, ????????," ""50% Male & 50% Female""", 20, 70," ""Medium Fast""", Mineral, Mineral, STURDY," ""MAGNET PULL""", 0, (Gray false), 0
+#TORKOAL#,74,90,151,21,90,74, FIRE, FIRE, 90, 161, (0 0 2 0 0 0), ????????, ????????," ""50% Male & 50% Female""", 20, 70," ""Medium Fast""", Field, Field," ""WHITE SMOKE""", -------, 0, (Brown false), 0
+#SABLEYE#,66,97,99,66,86,86, DARK, GHOST, 45, 98, (0 1 1 0 0 0), ????????, ????????," ""50% Male & 50% Female""", 25, 35," ""Medium Slow""", Human-Like, Human-Like," ""KEEN EYE""", -------, 0, (Purple false), 0
+#BARBOACH#,69,67,60,83,64,57, WATER, GROUND, 190, 92, (1 0 0 0 0 0), ????????, ????????," ""50% Male & 50% Female""", 20, 70," ""Medium Fast""", Water2, Water2, OBLIVIOUS, -------, 0, (Gray false), 0
+#WHISCASH#,118,83,78,64,81,76, WATER, GROUND, 75, 158, (2 0 0 0 0 0), ????????, ????????," ""50% Male & 50% Female""", 20, 70," ""Medium Fast""", Water2, Water2, OBLIVIOUS, -------, 0, (Blue false), 0
+#LUVDISC#,65,45,83,148,61,98, WATER, WATER, 225, 110, (0 0 0 1 0 0)," ""HEART SCALE""", ????????," ""75% Female""", 20, 70, Fast, Water2, Water2," ""SWIFT SWIM""", -------, 0, (Pink false), 0
+#CORPHISH#,56,105,84,45,65,45, WATER, WATER, 205, 111, (0 1 0 0 0 0), ????????, ????????," ""50% Male & 50% Female""", 15, 70, Fluctuating, Water1, Water3," ""HYPER CUTTER"""," ""SHELL ARMOR""", 0, (Red false), 0
+#CRAWDAUNT#,67,128,91,59,96,59, WATER, DARK, 155, 161, (0 2 0 0 0 0), ????????, ????????," ""50% Male & 50% Female""", 15, 70, Fluctuating, Water1, Water3," ""HYPER CUTTER"""," ""SHELL ARMOR""", 0, (Red false), 0
+#FEEBAS#,40,30,40,160,20,110, WATER, WATER, 255, 61, (0 0 0 1 0 0), ????????, ????????," ""50% Male & 50% Female""", 20, 70, Erratic, Water1, Dragon," ""SWIFT SWIM""", -------, 0, (Brown false), 0
+#MILOTIC#,88,56,73,75,93,115, WATER, WATER, 60, 213, (0 0 0 0 0 2), ????????, ????????," ""50% Male & 50% Female""", 20, 70, Erratic, Water1, Dragon," ""MARVEL SCALE""", -------, 0, (Pink false), 0
+#CARVANHA#,59,119,26,85,85,26, WATER, DARK, 225, 88, (0 1 0 0 0 0), ????????, ????????," ""50% Male & 50% Female""", 20, 35, Slow, Water2, Water2," ""ROUGH SKIN""", -------, 0, (Red false), 0
+#SHARPEDO#,76,132,43,103,103,43, WATER, DARK, 60, 175, (0 2 0 0 0 0), ????????, ????????," ""50% Male & 50% Female""", 20, 35, Slow, Water2, Water2," ""ROUGH SKIN""", -------, 0, (Blue false), 0
+#TRAPINCH#,47,102,47,10,47,47, GROUND, GROUND, 255, 73, (0 1 0 0 0 0), ????????," ""SOFT SAND"""," ""50% Male & 50% Female""", 20, 70," ""Medium Slow""", Bug, Bug," ""HYPER CUTTER"""," ""ARENA TRAP""", 0, (Brown false), 0
+#VIBRAVA#,59,82,59,82,59,59, GROUND, DRAGON, 120, 126, (0 1 0 1 0 0), ????????, ????????," ""50% Male & 50% Female""", 20, 70," ""Medium Slow""", Bug, Bug, LEVITATE, LEVITATE, 0, (Green false), 0
+#FLYGON#,77,96,77,96,77,77, GROUND, DRAGON, 45, 197, (0 1 0 2 0 0), ????????, ????????," ""50% Male & 50% Female""", 20, 70," ""Medium Slow""", Bug, Bug, LEVITATE, LEVITATE, 0, (Green false), 0
+#MAKUHITA#,121,101,51,42,34,51, FIGHT, FIGHT, 180, 87, (1 0 0 0 0 0), ????????, ????????," ""75% Male""", 20, 70, Fluctuating, Human-Like, Human-Like," ""THICK FAT""", GUTS, 0, (Yellow false), 0
+#HARIYAMA#,152,127,63,53,42,63, FIGHT, FIGHT, 200, 184, (2 0 0 0 0 0), ????????," ""KING'S ROCK"""," ""75% Male""", 20, 70, Fluctuating, Human-Like, Human-Like," ""THICK FAT""", GUTS, 0, (Brown false), 0
+#ELECTRIKE#,54,61,54,89,88,54, ELECTR, ELECTR, 120, 104, (0 0 0 1 0 0), ????????, ????????," ""50% Male & 50% Female""", 20, 70, Slow, Field, Field, STATIC, LIGHTNINGROD, 0, (Green false), 0
+#MANECTRIC#,74,79,63,110,111,63, ELECTR, ELECTR, 45, 168, (0 0 0 2 0 0), ????????, ????????," ""50% Male & 50% Female""", 20, 70, Slow, Field, Field, STATIC, LIGHTNINGROD, 0, (Yellow false), 0
+#NUMEL#,79,79,52,46,85,59, FIRE, GROUND, 255, 88, (0 0 0 0 1 0)," ""RAWST BERRY"""," ""RAWST BERRY"""," ""50% Male & 50% Female""", 20, 70," ""Medium Fast""", Field, Field, OBLIVIOUS, -------, 0, (Yellow false), 0
+#CAMERUPT#,76,109,76,43,114,82, FIRE, GROUND, 150, 175, (0 1 0 0 1 0)," ""RAWST BERRY"""," ""RAWST BERRY"""," ""50% Male & 50% Female""", 20, 70," ""Medium Fast""", Field, Field," ""MAGMA ARMOR""", -------, 0, (Red false), 0
+#SPHEAL#,72,41,52,26,57,52, ICE, WATER, 255, 75, (1 0 0 0 0 0), ????????, ????????," ""50% Male & 50% Female""", 20, 70," ""Medium Slow""", Water1, Field," ""THICK FAT""", -------, 0, (Blue false), 0
+#SEALEO#,88,59,68,44,73,68, ICE, WATER, 120, 128, (2 0 0 0 0 0), ????????, ????????," ""50% Male & 50% Female""", 20, 70," ""Medium Slow""", Water1, Field," ""THICK FAT""", -------, 0, (Blue false), 0
+#WALREIN#,104,75,85,61,90,85, ICE, WATER, 45, 192, (3 0 0 0 0 0), ????????, ????????," ""50% Male & 50% Female""", 20, 70," ""Medium Slow""", Water1, Field," ""THICK FAT""", -------, 0, (Blue false), 0
+#CACNEA#,60,101,48,42,101,48, GRASS, GRASS, 190, 97, (0 0 0 0 1 0), ????????," ""POISON BARB"""," ""50% Male & 50% Female""", 20, 35," ""Medium Slow""", Grass, Human-Like," ""SAND VEIL""", -------, 0, (Green false), 0
+#CACTURNE#,74,121,63,58,121,63, GRASS, DARK, 60, 177, (0 1 0 0 1 0), ????????," ""POISON BARB"""," ""50% Male & 50% Female""", 20, 35," ""Medium Slow""", Grass, Human-Like," ""SAND VEIL""", -------, 0, (Green false), 0
+#SNORUNT#,65,67,67,67,67,67, ICE, ICE, 190, 74, (1 0 0 0 0 0), ????????, ????????," ""50% Male & 50% Female""", 20, 70," ""Medium Fast""", Fairy, Mineral," ""INNER FOCUS""", -------, 0, (Gray false), 0
+#GLALIE#,85,83,83,83,83,83, ICE, ICE, 75, 187, (2 0 0 0 0 0), ????????, NEVERMELTICE," ""50% Male & 50% Female""", 20, 70," ""Medium Fast""", Fairy, Mineral," ""INNER FOCUS""", -------, 0, (Gray false), 0
+#LUNATONE#,80,62,74,80,107,97, ROCK, PSYCHC, 45, 150, (0 0 0 0 2 0), ????????," ""MOON STONE""", Genderless, 25, 70, Fast, Mineral, Mineral, LEVITATE, -------, 0, (Yellow false), 0
+#SOLROCK#,80,107,97,80,62,74, ROCK, PSYCHC, 45, 150, (0 2 0 0 0 0), ????????," ""SUN STONE""", Genderless, 25, 70, Fast, Mineral, Mineral, LEVITATE, -------, 0, (Red false), 0
+#AZURILL#,78,32,63,32,32,63, NORMAL, NORMAL, 150, 33, (1 0 0 0 0 0), ????????, ????????," ""75% Female""", 10, 70, Fast, Undiscovered, Undiscovered," ""THICK FAT"""," ""HUGE POWER""", 0, (Blue false), 0
+#SPOINK#,73,30,42,73,85,97, PSYCHC, PSYCHC, 255, 89, (0 0 0 0 0 1), ????????, ????????," ""50% Male & 50% Female""", 20, 70, Fast, Field, Field," ""THICK FAT"""," ""OWN TEMPO""", 0, (Black false), 0
+#GRUMPIG#,85,48,69,85,96,117, PSYCHC, PSYCHC, 60, 164, (0 0 0 0 0 2), ????????, ????????," ""50% Male & 50% Female""", 20, 70, Fast, Field, Field," ""THICK FAT"""," ""OWN TEMPO""", 0, (Purple false), 0
+#PLUSLE#,74,62,49,117,105,93, ELECTR, ELECTR, 200, 120, (0 0 0 1 0 0), ????????, ????????," ""50% Male & 50% Female""", 20, 70," ""Medium Fast""", Fairy, Fairy, PLUS, -------, 0, (Yellow false), 0
+#MINUN#,74,49,62,117,93,105, ELECTR, ELECTR, 200, 120, (0 0 0 1 0 0), ????????, ????????," ""50% Male & 50% Female""", 20, 70," ""Medium Fast""", Fairy, Fairy, MINUS, -------, 0, (Yellow false), 0
+#MAWILE#,66,112,112,66,72,72, STEEL, STEEL, 45, 98, (0 1 1 0 0 0), ????????, ????????," ""50% Male & 50% Female""", 20, 70, Fast, Field, Fairy," ""HYPER CUTTER""", INTIMIDATE, 0, (Black false), 0
+#MEDITITE#,43,57,79,85,57,79, FIGHT, PSYCHC, 180, 91, (0 0 0 1 0 0), ????????, ????????," ""50% Male & 50% Female""", 20, 70," ""Medium Fast""", Human-Like, Human-Like," ""PURE POWER""", -------, 0, (Blue false), 0
+#MEDICHAM#,73,73,91,99,73,91, FIGHT, PSYCHC, 90, 153, (0 0 0 2 0 0), ????????, ????????," ""50% Male & 50% Female""", 20, 70," ""Medium Fast""", Human-Like, Human-Like," ""PURE POWER""", -------, 0, (Red false), 0
+#SWABLU#,58,52,77,65,52,96, NORMAL, FLYING, 255, 74, (0 0 0 0 0 1), ????????, ????????," ""50% Male & 50% Female""", 20, 70, Erratic, Flying, Dragon," ""NATURAL CURE""", -------, 0, (Blue false), 0
+#ALTARIA#,77,71,92,82,71,107, DRAGON, FLYING, 45, 188, (0 0 0 0 0 2), ????????, ????????," ""50% Male & 50% Female""", 20, 70, Erratic, Flying, Dragon," ""NATURAL CURE""", -------, 0, (Blue false), 0
+#WYNAUT#,147,35,74,35,35,74, PSYCHC, PSYCHC, 125, 44, (1 0 0 0 0 0), ????????, ????????," ""50% Male & 50% Female""", 20, 70," ""Medium Fast""", Undiscovered, Undiscovered," ""SHADOW TAG""", -------, 0, (Blue false), 0
+#DUSKULL#,27,54,122,34,41,122, GHOST, GHOST, 190, 97, (0 0 1 0 0 1), ????????," ""SPELL TAG"""," ""50% Male & 50% Female""", 25, 35, Fast, Amorphous, Amorphous, LEVITATE, -------, 0, (Black false), 0
+#DUSCLOPS#,44,77,143,27,66,143, GHOST, GHOST, 90, 179, (0 0 1 0 0 2), ????????," ""SPELL TAG"""," ""50% Male & 50% Female""", 25, 35, Fast, Amorphous, Amorphous, PRESSURE, -------, 0, (Black false), 0
+#ROSELIA#,62,75,56,81,126,100, GRASS, POISON, 150, 152, (0 0 0 0 1 0), ????????," ""POISON BARB"""," ""50% Male & 50% Female""", 20, 70," ""Medium Slow""", Fairy, Grass," ""NATURAL CURE"""," ""POISON POINT""", 0, (Green true), 0
+#SLAKOTH#,64,64,64,32,38,38, NORMAL, NORMAL, 255, 83, (1 0 0 0 0 0), ????????, ????????," ""50% Male & 50% Female""", 15, 70, Slow, Field, Field, TRUANT, -------, 0, (Brown false), 0
+#VIGOROTH#,73,73,73,81,50,50, NORMAL, NORMAL, 120, 126, (0 0 0 2 0 0), ????????, ????????," ""50% Male & 50% Female""", 15, 70, Slow, Field, Field," ""VITAL SPIRIT""", -------, 0, (White false), 0
+#SLAKING#,112,118,75,75,71,49, NORMAL, NORMAL, 45, 210, (3 0 0 0 0 0), ????????, ????????," ""50% Male & 50% Female""", 15, 70, Slow, Field, Field, TRUANT, -------, 0, (Brown false), 0
+#GULPIN#,93,57,70,53,57,70, POISON, POISON, 225, 75, (1 0 0 0 0 0), ????????," ""BIG PEARL"""," ""50% Male & 50% Female""", 20, 70, Fluctuating, Amorphous, Amorphous," ""LIQUID OOZE"""," ""STICKY HOLD""", 0, (Green false), 0
+#SWALOT#,107,78,89,59,78,89, POISON, POISON, 75, 168, (2 0 0 0 0 0), ????????," ""BIG PEARL"""," ""50% Male & 50% Female""", 20, 70, Fluctuating, Amorphous, Amorphous," ""LIQUID OOZE"""," ""STICKY HOLD""", 0, (Purple false), 0
+#TROPIUS#,108,74,90,55,78,95, GRASS, FLYING, 200, 169, (2 0 0 0 0 0), ????????, ????????," ""50% Male & 50% Female""", 25, 70, Slow, Monster, Grass, CHLOROPHYLL, -------, 0, (Green false), 0
+#WHISMUR#,79,64,29,35,64,29, NORMAL, NORMAL, 190, 68, (1 0 0 0 0 0), ????????," ""CHESTO BERRY"""," ""50% Male & 50% Female""", 20, 70," ""Medium Slow""", Monster, Field, SOUNDPROOF, -------, 0, (Pink false), 0
+#LOUDRED#,93,79,48,53,79,48, NORMAL, NORMAL, 120, 126, (2 0 0 0 0 0), ????????," ""CHESTO BERRY"""," ""50% Male & 50% Female""", 20, 70," ""Medium Slow""", Monster, Field, SOUNDPROOF, -------, 0, (Blue false), 0
+#EXPLOUD#,107,95,66,71,95,66, NORMAL, NORMAL, 45, 184, (3 0 0 0 0 0), ????????," ""CHESTO BERRY"""," ""50% Male & 50% Female""", 20, 70," ""Medium Slow""", Monster, Field, SOUNDPROOF, -------, 0, (Blue false), 0
+#CLAMPERL#,41,74,98,37,86,64, WATER, WATER, 255, 142, (0 0 1 0 0 0), ????????," ""BLUE SHARD"""," ""50% Male & 50% Female""", 20, 70, Erratic, Water1, Water1," ""SHELL ARMOR""", -------, 0, (Blue false), 0
+#HUNTAIL#,57,107,108,54,97,77, WATER, WATER, 60, 178, (0 1 1 0 0 0), ????????, ????????," ""50% Male & 50% Female""", 20, 70, Erratic, Water1, Water1," ""SWIFT SWIM""", -------, 0, (Blue false), 0
+#GOREBYSS#,57,87,108,54,117,77, WATER, WATER, 60, 178, (0 0 0 0 2 0), ????????, ????????," ""50% Male & 50% Female""", 20, 70, Erratic, Water1, Water1," ""SWIFT SWIM""", -------, 0, (Pink false), 0
+#ABSOL#,70,138,65,81,81,65, DARK, DARK, 30, 174, (0 2 0 0 0 0), ????????, ????????," ""50% Male & 50% Female""", 25, 35," ""Medium Slow""", Field, Field, PRESSURE, -------, 0, (White true), 0
+#SHUPPET#,60,102,47,61,85,45, GHOST, GHOST, 225, 97, (0 1 0 0 0 0), ????????," ""SPELL TAG"""," ""50% Male & 50% Female""", 25, 35, Fast, Amorphous, Amorphous, INSOMNIA, -------, 0, (Black false), 0
+#BANETTE#,70,128,71,71,91,69, GHOST, GHOST, 45, 179, (0 2 0 0 0 0), ????????," ""SPELL TAG"""," ""50% Male & 50% Female""", 25, 35, Fast, Amorphous, Amorphous, INSOMNIA, -------, 0, (Black false), 0
+#SEVIPER#,80,108,66,71,109,66, POISON, POISON, 90, 165, (0 1 0 0 1 0), ????????, ????????," ""50% Male & 50% Female""", 20, 70, Fluctuating, Field, Dragon," ""SHED SKIN""", -------, 0, (Black true), 0
+#ZANGOOSE#,80,124,66,98,66,66, NORMAL, NORMAL, 90, 165, (0 2 0 0 0 0), ????????, ????????," ""50% Male & 50% Female""", 20, 70, Erratic, Field, Field, IMMUNITY, -------, 0, (White true), 0
+#RELICANTH#,103,93,134,57,46,67, WATER, ROCK, 25, 198, (1 0 1 0 0 0), ????????," ""GREEN SHARD"""," ""87% Male""", 40, 70, Slow, Water1, Water2," ""SWIFT SWIM"""," ""ROCK HEAD""", 0, (Gray false), 0
+#ARON#,45,64,92,27,36,36, STEEL, ROCK, 180, 96, (0 0 1 0 0 0), ????????," ""HARD STONE"""," ""50% Male & 50% Female""", 35, 35, Slow, Monster, Monster, STURDY," ""ROCK HEAD""", 0, (Gray false), 0
+#LAIRON#,56,84,129,37,47,47, STEEL, ROCK, 90, 152, (0 0 2 0 0 0), ????????," ""HARD STONE"""," ""50% Male & 50% Female""", 35, 35, Slow, Monster, Monster, STURDY," ""ROCK HEAD""", 0, (Gray false), 0
+#AGGRON#,66,104,169,47,57,57, STEEL, ROCK, 45, 205, (0 0 3 0 0 0), ????????," ""HARD STONE"""," ""50% Male & 50% Female""", 35, 35, Slow, Monster, Monster, STURDY," ""ROCK HEAD""", 0, (Gray false), 0
+#CASTFORM#,85,83,83,83,83,83, NORMAL, NORMAL, 45, 145, (1 0 0 0 0 0)," ""MYSTIC WATER"""," ""MYSTIC WATER"""," ""50% Male & 50% Female""", 25, 70," ""Medium Fast""", Fairy, Amorphous, FORECAST, -------, 0, (White false), 0
+#VOLBEAT#,81,91,69,106,59,94, BUG, BUG, 150, 146, (0 0 0 1 0 0), ????????, ????????," ""100% Male""", 15, 70, Erratic, Bug, Human-Like, ILLUMINATE, SWARM, 0, (Gray false), 0
+#ILLUMISE#,81,59,69,106,91,94, BUG, BUG, 150, 146, (0 0 0 1 0 0), ????????, ????????," ""100% Female""", 15, 70, Fluctuating, Bug, Human-Like, OBLIVIOUS, -------, 0, (Purple false), 0
+#LILEEP#,74,46,87,26,69,98, ROCK, GRASS, 45, 121, (0 0 0 0 0 1), ????????, ????????," ""87% Male""", 30, 70, Erratic, Water3, Water3," ""SUCTION CUPS""", -------, 0, (Purple false), 0
+#CRADILY#,87,82,98,43,82,108, ROCK, GRASS, 45, 201, (0 0 0 0 0 2), ????????, ????????," ""87% Male""", 30, 70, Erratic, Water3, Water3," ""SUCTION CUPS""", -------, 0, (Green false), 0
+#ANORITH#,51,107,56,85,45,56, ROCK, BUG, 45, 119, (0 1 0 0 0 0), ????????, ????????," ""87% Male""", 30, 70, Erratic, Water3, Water3," ""BATTLE ARMOR""", -------, 0, (Gray false), 0
+#ARMALDO#,76,126,101,45,71,81, ROCK, BUG, 45, 200, (0 2 0 0 0 0), ????????, ????????," ""87% Male""", 30, 70, Erratic, Water3, Water3," ""BATTLE ARMOR""", -------, 0, (Gray false), 0
+#RALTS#,42,38,38,61,68,53, PSYCHC, PSYCHC, 235, 70, (0 0 0 0 1 0), ????????, ????????," ""50% Male & 50% Female""", 20, 35, Slow, Amorphous, Amorphous, SYNCHRONIZE, TRACE, 0, (White false), 0
+#KIRLIA#,55,50,50,72,94,79, PSYCHC, PSYCHC, 120, 140, (0 0 0 0 2 0), ????????, ????????," ""50% Male & 50% Female""", 20, 35, Slow, Amorphous, Amorphous, SYNCHRONIZE, TRACE, 0, (White false), 0
+#GARDEVOIR#,66,63,63,77,120,111, PSYCHC, PSYCHC, 45, 208, (0 0 0 0 3 0), ????????, ????????," ""50% Male & 50% Female""", 20, 35, Slow, Amorphous, Amorphous, SYNCHRONIZE, TRACE, 0, (White false), 0
+#BAGON#,45,75,60,50,40,30, DRAGON, DRAGON, 45, 89, (0 1 0 0 0 0), ????????," ""DRAGON SCALE"""," ""50% Male & 50% Female""", 40, 35, Slow, Dragon, Dragon," ""ROCK HEAD""", -------, 0, (Blue false), 0
+#SHELGON#,62,90,95,48,57,48, DRAGON, DRAGON, 45, 144, (0 0 2 0 0 0), ????????," ""DRAGON SCALE"""," ""50% Male & 50% Female""", 40, 35, Slow, Dragon, Dragon," ""ROCK HEAD""", -------, 0, (White false), 0
+#SALAMENCE#,79,112,67,83,92,67, DRAGON, FLYING, 45, 218, (0 3 0 0 0 0), ????????," ""DRAGON SCALE"""," ""50% Male & 50% Female""", 40, 35, Slow, Dragon, Dragon, INTIMIDATE, -------, 0, (Blue false), 0
+#BELDUM#,40,55,80,30,35,60, STEEL, PSYCHC, 3, 103, (0 0 1 0 0 0), ????????," ""METAL COAT""", Genderless, 40, 35, Slow, Mineral, Mineral," ""CLEAR BODY""", -------, 0, (Blue false), 0
+#METANG#,57,71,96,48,52,76, STEEL, PSYCHC, 3, 153, (0 0 2 0 0 0), ????????," ""METAL COAT""", Genderless, 40, 35, Slow, Mineral, Mineral," ""CLEAR BODY""", -------, 0, (Blue false), 0
+#METAGROSS#,67,113,108,58,79,75, STEEL, PSYCHC, 3, 210, (0 0 3 0 0 0), ????????," ""METAL COAT""", Genderless, 40, 35, Slow, Mineral, Mineral," ""CLEAR BODY""", -------, 0, (Blue false), 0
+#REGIROCK#,69,86,173,43,43,86, ROCK, ROCK, 3, 217, (0 0 3 0 0 0), ????????, ????????, Genderless, 80, 35, Slow, Undiscovered, Undiscovered," ""CLEAR BODY""", -------, 0, (Brown false), 0
+#REGICE#,69,43,86,43,86,173, ICE, ICE, 3, 216, (0 0 0 0 0 3), ????????, ????????, Genderless, 80, 35, Slow, Undiscovered, Undiscovered," ""CLEAR BODY""", -------, 0, (Blue false), 0
+#REGISTEEL#,69,65,129,43,65,129, STEEL, STEEL, 3, 215, (0 0 2 0 0 1), ????????, ????????, Genderless, 80, 35, Slow, Undiscovered, Undiscovered," ""CLEAR BODY""", -------, 0, (Gray false), 0
+#KYOGRE#,75,75,67,67,112,104, WATER, WATER, 5, 218, (0 0 0 0 3 0), ????????, ????????, Genderless, 120, 0, Slow, Undiscovered, Undiscovered, DRIZZLE, -------, 0, (Blue false), 0
+#GROUDON#,75,112,104,67,75,67, GROUND, GROUND, 5, 218, (0 3 0 0 0 0), ????????, ????????, Genderless, 120, 0, Slow, Undiscovered, Undiscovered, DROUGHT, -------, 0, (Red false), 0
+#RAYQUAZA#,77,111,66,70,110,66, DRAGON, FLYING, 3, 220, (0 2 0 0 1 0), ????????, ????????, Genderless, 120, 0, Slow, Undiscovered, Undiscovered," ""AIR LOCK""", -------, 0, (Green false), 0
+#LATIAS#,67,67,75,92,92,107, DRAGON, PSYCHC, 3, 211, (0 0 0 0 0 3), ????????, ????????," ""100% Female""", 120, 90, Slow, Undiscovered, Undiscovered, LEVITATE, -------, 0, (Red false), 0
+#LATIOS#,67,75,67,92,107,92, DRAGON, PSYCHC, 3, 211, (0 0 0 0 3 0), ????????, ????????," ""100% Male""", 120, 90, Slow, Undiscovered, Undiscovered, LEVITATE, -------, 0, (Blue false), 0
+#JIRACHI#,85,83,83,83,83,83, STEEL, PSYCHC, 3, 215, (3 0 0 0 0 0)," ""STAR PIECE"""," ""STAR PIECE""", Genderless, 120, 100, Slow, Undiscovered, Undiscovered," ""SERENE GRACE""", -------, 0, (Yellow false), 0
+#DEOXYS#,42,124,42,125,125,42, PSYCHC, PSYCHC, 3, 215, (0 1 0 1 1 0), ????????, ????????, Genderless, 120, 0, Slow, Undiscovered, Undiscovered, PRESSURE, -------, 0, (Red true), 0
+#CHIMECHO#,76,59,82,76,113,94, PSYCHC, PSYCHC, 45, 147, (0 0 0 0 1 1), ????????, ????????," ""50% Male & 50% Female""", 25, 70, Fast, Amorphous, Amorphous, LEVITATE, -------, 0, (Blue false), 0
